Year,Voivodeship,Zone code,Zone name,Station code,Indicator,Averaging time,Mean [µg/m3],Min [µg/m3],Max [µg/m3],L>200 (S1),19 max (S1) [µg/m3],Perc. 99.8 (S1) [µg/m3],Number of measurements,Completeness [%],Summer/Winter Number
2017,dolnośląskie,PL0201,Aglomeracja Wrocławska,DsWrocAlWisn,NO2,1g,48.108757915,4.25101,173.087,0,135.89,136.025,8702,99.33,1
2017,dolnośląskie,PL0201,Aglomeracja Wrocławska,DsWrocBartni,NO2,1g,15.406401046,0.89439,96.8423,0,65.2077,66.0113,8661,98.86,1.01
2017,dolnośląskie,PL0201,Aglomeracja Wrocławska,DsWrocWybCon,NO2,1g,22.10586825,0.2544,124.717,0,93.8431,94.3954,8661,98.86,1.01
2017,dolnośląskie,PL0202,miasto Legnica,DsLegAlRzecz,NO2,1g,20.853368607,1.6661,117.607,0,87.9817,88.6966,8713,99.46,1
2017,dolnośląskie,PL0203,miasto Wałbrzych,DsWalbrzWyso,NO2,1g,15.238260303,0,150.808,0,95.2069,96.4662,8549,97.59,1.01
2017,dolnośląskie,PL0204,strefa dolnośląska,DsBoleslaMOB,NO2,1g,18.219570007,0,124.422,0,91.0692,91.0804,8290,94.63,1.07
2017,dolnośląskie,PL0204,strefa dolnośląska,DsCzerStraza,NO2,1g,5.948019817,0,59.1541,0,39.2783,39.5062,8478,96.78,1.03
2017,dolnośląskie,PL0204,strefa dolnośląska,DsDzialoszyn,NO2,1g,10.679499821,0.32345,73.1165,0,63.07,63.5156,8550,97.6,0.98
2017,dolnośląskie,PL0204,strefa dolnośląska,DsDziePilsud,NO2,1g,16.842793449,1.44316,115.699,0,85.3481,85.6746,8678,99.06,1.01
2017,dolnośląskie,PL0204,strefa dolnośląska,DsJelGorOgin,NO2,1g,12.654663994,0.60122,98.6461,0,71.7372,73.6486,8660,98.85,1.01
2017,dolnośląskie,PL0204,strefa dolnośląska,DsKlodzSzkol,NO2,1g,16.897248675,1.0998,140.382,0,78.5588,78.6567,8435,96.28,1.06
2017,dolnośląskie,PL0204,strefa dolnośląska,DsKudowaMOB,NO2,1g,10.784000293,0.79375,81.4363,0,73.135,73.4211,8291,94.64,1.11
2017,dolnośląskie,PL0204,strefa dolnośląska,DsOlawZolnAK,NO2,1g,16.19942721,1.19181,109.755,0,69.0538,69.6729,8617,98.36,0.98
2017,dolnośląskie,PL0204,strefa dolnośląska,DsOsieczow21,NO2,1g,8.1558419,0,66.945,0,55.3938,55.5032,8541,97.5,1
2017,dolnośląskie,PL0204,strefa dolnośląska,DsSniezkaObs,NO2,24g,3.832054795,1,11.2,,,,365,100,1.01
2017,dolnośląskie,PL0204,strefa dolnośląska,DsZabkPowWar,NO2,1g,13.97666058,0.06267,85.1037,0,59.3554,59.6804,8610,98.28,0.99
2017,dolnośląskie,PL0204,strefa dolnośląska,DsZgorBohGet,NO2,1g,16.370372253,0.95812,103.071,0,75.5957,75.6881,8674,99.01,1
2017,kujawsko-pomorskie,PL0401,Aglomeracja Bydgoska,KpBydPlPozna,NO2,1g,27.153907057,0.1,111.6,0,89.3,89.8,8715,99.48,1
2017,kujawsko-pomorskie,PL0401,Aglomeracja Bydgoska,KpBydWarszaw,NO2,1g,20.323965728,0.1,111,0,82.8,84.7,8170,93.26,0.93
2017,kujawsko-pomorskie,PL0402,miasto Toruń,KpToruKaszow,NO2,1g,21.89435725,2.3,104.4,0,93.1,93.5,8028,91.64,1.06
2017,kujawsko-pomorskie,PL0402,miasto Toruń,KpToruWSikor,NO2,1g,12.675998004,0,94.1,0,69,70.2,8016,91.5,1.03
2017,kujawsko-pomorskie,PL0403,miasto Włocławek,KpWloclChelmMOB,NO2,1g,11.475498339,0,65.3,0,50.4,51,8428,96.21,0.98
2017,kujawsko-pomorskie,PL0403,miasto Włocławek,KpWloclOkrze,NO2,1g,26.990566038,2.6,103.9,0,89.1,90,8745,99.82,1
2017,kujawsko-pomorskie,PL0404,strefa kujawsko - pomorska,KpCiechTezni,NO2,1g,11.306750207,0.6,80.7,0,57.1,57.3,8459,96.56,1
2017,kujawsko-pomorskie,PL0404,strefa kujawsko - pomorska,KpGrudPilsud,NO2,1g,25.081159806,0.4,116.9,0,89.1,89.3,8254,94.22,1.07
2017,kujawsko-pomorskie,PL0404,strefa kujawsko - pomorska,KpInowSolank,NO2,1g,8.895351773,0,82.8,0,54.5,54.9,8713,99.46,1
2017,kujawsko-pomorskie,PL0404,strefa kujawsko - pomorska,KpKoniczynka,NO2,1g,8.879496445,0.8,62.2,0,46.8,47,8579,97.93,1.03
2017,kujawsko-pomorskie,PL0404,strefa kujawsko - pomorska,KpZielBoryTu,NO2,1g,4.74591293,0,45.7,0,33.3,34.6,7695,87.84,0.82
2017,lubelskie,PL0601,Aglomeracja Lubelska,LbLubObywate,NO2,1g,21.730689892,1.6,119.7,0,96.8,96.8,8726,99.61,1.01
2017,lubelskie,PL0602,strefa lubelska,LbBiaPodOrze,NO2,1g,11.594980473,0,102.7,0,74.6,75.1,8706,99.38,1
2017,lubelskie,PL0602,strefa lubelska,LbBiaSlupRPN,NO2,1g,6.759840205,0.2,58.9,0,42.8,42.8,8704,99.36,1
2017,lubelskie,PL0602,strefa lubelska,LbJarczWolaM,NO2,24g,7.078551532,0.7,23.3,,,,359,98.35,1.02
2017,lubelskie,PL0602,strefa lubelska,LbPulaKarpin,NO2,1g,11.469133822,0,116.6,0,73.4,74.8,8728,99.63,1.01
2017,lubelskie,PL0602,strefa lubelska,LbZamoHrubie,NO2,1g,14.530282132,0.77,97.1,0,67.2,67.4,8613,98.32,1.02
2017,lubuskie,PL0801,miasto Gorzów Wielkopolski,LuGorzKosGdy,NO2,1g,19.779529936,0,101.8,0,85.0926,86.3087,8699,99.3,1
2017,lubuskie,PL0802,miasto Zielona Góra,LuZielKrotka,NO2,1g,17.76498804,1.43347,96.4222,0,77.2501,77.6251,8643,98.66,1.02
2017,lubuskie,PL0803,strefa lubuska,LuSmolBytnic,NO2,1g,5.996233429,0.00829,55.1748,0,31.6567,32.1052,8524,97.3,1.02
2017,lubuskie,PL0803,strefa lubuska,LuSulecDudka,NO2,1g,8.989594958,0.05152,49.6159,0,35.7284,36.3695,7519,85.83,1.11
2017,lubuskie,PL0803,strefa lubuska,LuWsKaziWiel,NO2,1g,12.510247934,0.01125,117.276,0,69.4561,70.1985,8632,98.53,1.03
2017,lubuskie,PL0803,strefa lubuska,LuZarySzyman,NO2,1g,19.14304874,0.46621,88.8979,0,75.2962,75.3732,8732,99.68,1.01
2017,łódzkie,PL1001,Aglomeracja Łódzka,LdLodzCzerni,NO2,1g,18.938093559,2.4,121.2,0,86.2,87.3,8508,97.12,1.01
2017,łódzkie,PL1001,Aglomeracja Łódzka,LdLodzGdansk,NO2,1g,24.43198632,2.2,131,0,97.9,98.1,8711,99.44,1.01
2017,łódzkie,PL1001,Aglomeracja Łódzka,LdLodzJanPaw,NO2,1g,28.457250205,2.2,190.2,0,131.8,131.9,8517,97.22,1.01
2017,łódzkie,PL1001,Aglomeracja Łódzka,LdLodzKilins,NO2,1g,25.625286766,2.37212,152.86783,0,107.75929,109.63403,7824,89.31,1.27
2017,łódzkie,PL1001,Aglomeracja Łódzka,LdPabiKonsta,NO2,1g,19.516180218,1.3,144.4,0,98.6,99.1,8634,98.56,1.01
2017,łódzkie,PL1001,Aglomeracja Łódzka,LdZgieMielcz,NO2,1g,18.186260069,1.7,116,0,89.1,89.9,8690,99.2,1.01
2017,łódzkie,PL1002,strefa łódzka,LdGajewUjWod,NO2,1g,10.402413184,1,77.7,0,61.9043956,62.2,8495,96.97,1
2017,łódzkie,PL1002,strefa łódzka,LdParzniUjWo,NO2,1g,12.825033713,1.5,121.1,0,75.8,77.4,8157,93.11,1.02
2017,łódzkie,PL1002,strefa łódzka,LdPioTrKraPr,NO2,1g,20.184484802,2.2,154.8,0,97.66,100.9,8479,96.79,1.03
2017,łódzkie,PL1002,strefa łódzka,LdRadomsRoln,NO2,1g,20.391619956,2.28,125.76,0,92.31,92.74,8599,98.16,1.02
2017,małopolskie,PL1201,Aglomeracja Krakowska,MpKrakAlKras,NO2,1g,60.526749643,4.50223,190.507,0,152.767,153.469,8648,98.72,1
2017,małopolskie,PL1201,Aglomeracja Krakowska,MpKrakBujaka,NO2,1g,32.541269563,1.3354,181.16,0,136.481,138.802,8508,97.12,0.98
2017,małopolskie,PL1201,Aglomeracja Krakowska,MpKrakBulwar,NO2,1g,29.529486489,2.12453,140.127,0,100.18,101.528,8647,98.71,1
2017,małopolskie,PL1201,Aglomeracja Krakowska,MpKrakDietla,NO2,1g,41.644607155,5.51931,227.487,1,144.635,145.141,8723,99.57,1
2017,małopolskie,PL1202,miasto Tarnów,MpTarBitStud,NO2,1g,22.685341833,1,125.057,0,92.8969,93.0071,8662,98.88,1.01
2017,małopolskie,PL1202,miasto Tarnów,MpTarRoSitko,NO2,1g,31.754023637,2.40963,179.408,0,114.942,115.741,7904,90.22,1.23
2017,małopolskie,PL1203,strefa małopolska,MpKaszowLisz,NO2,1g,16.358447881,0.9953,133.724,0,93.0098,97.9958,8007,91.4,1.15
2017,małopolskie,PL1203,strefa małopolska,MpNoSaczNadb,NO2,1g,25.537051873,1.86606,142.081,0,104.903,108.039,8678,99.06,1
2017,małopolskie,PL1203,strefa małopolska,MpSkawOsOgro,NO2,1g,20.515271918,1.47755,115.006,0,80.0941,80.4707,8597,98.13,0.99
2017,małopolskie,PL1203,strefa małopolska,MpSzarowSpok,NO2,1g,16.836935527,1.25557,82.3123,0,65.0374,65.8473,8672,98.99,1.01
2017,małopolskie,PL1203,strefa małopolska,MpSzymbaGorl,NO2,1g,6.888574065,0.99778,52.8515,0,35.3209,36.5179,8259,94.28,1.05
2017,małopolskie,PL1203,strefa małopolska,MpTrzebOsZWM,NO2,1g,18.243252291,1,114.636,0,96.987,97.4072,8621,98.41,1
2017,małopolskie,PL1203,strefa małopolska,MpZakopaSien,NO2,1g,20.392721814,1.02292,157.138,0,119.536,119.922,8684,99.13,1
2017,mazowieckie,PL1401,Aglomeracja Warszawska,MzWarAlNiepo,NO2,1g,51.652634087,3.93,194.8,0,147.49,147.6,8654,98.78,1.03
2017,mazowieckie,PL1401,Aglomeracja Warszawska,MzWarKondrat,NO2,1g,26.042210198,1.96,122.48,0,99.200001,99.28,8692,99.22,1.02
2017,mazowieckie,PL1401,Aglomeracja Warszawska,MzWarMarszal,NO2,1g,37.651426764,0.1,144.30938585,0,112.31027592,112.88290313,8511,97.15,0.97
2017,mazowieckie,PL1401,Aglomeracja Warszawska,MzWarWokalna,NO2,1g,22.85305915,1.02,138.62,0,103.22,103.51,8656,98.81,0.99
2017,mazowieckie,PL1402,miasto Płock,MzPlocKroJad,NO2,1g,13.094743692,0.16,102.76,0,67.86,67.86,8759,99.98,1.01
2017,mazowieckie,PL1402,miasto Płock,MzPlocMiReja,NO2,1g,15.899314751,1.25,110.03,0,74.63,74.87803987,8723,99.57,1
2017,mazowieckie,PL1403,miasto Radom,MzRadTochter,NO2,1g,21.327035184,2.24,162.69,0,94.89,95.41,8690,99.2,1.01
2017,mazowieckie,PL1404,strefa mazowiecka,MzBelsIGFPAN,NO2,1g,9.199373886,0.1,81.7,0,56.302246,57.9,8672,98.99,1
2017,mazowieckie,PL1404,strefa mazowiecka,MzGranicaKPN,NO2,1g,9.869930375,0.06,85.78,0,51.94,52.34,8474,96.73,0.97
2017,mazowieckie,PL1404,strefa mazowiecka,MzGutyDuCzer,NO2,1g,4.668145938,0.1195,36.806,0,29.7555,30.353,8346,95.27,1.05
2017,mazowieckie,PL1404,strefa mazowiecka,MzKonJezMos,NO2,1g,18.43271476,2.43,123.52,0,79.02,79.32,8137,92.88,1.02
2017,mazowieckie,PL1404,strefa mazowiecka,MzLegZegrzyn,NO2,1g,15.636476036,-0.02,94.92,0,72.94,73.24,8638,98.6,0.98
2017,mazowieckie,PL1404,strefa mazowiecka,MzOtwoBrzozo,NO2,1g,18.666011296,1.65343799,120.79,0,104.41,105.99,8590,98.05,0.97
2017,mazowieckie,PL1404,strefa mazowiecka,MzPiasPulask,NO2,1g,24.111542646,3.17,125.38,0,98.74,99.18,8641,98.64,1.01
2017,opolskie,PL1601,miasto Opole,OpOpoleOsAKr,NO2,1g,16.226360823,1.08995,140.102,0,82.6545,83.4044,8668,98.94,1.02
2017,opolskie,PL1602,strefa opolska,OpKKozBSmial,NO2,1g,15.942294438,0.1,103.034,0,78.6974,78.9337,8651,98.75,1.01
2017,opolskie,PL1602,strefa opolska,OpZdziePiast,NO2,1g,15.456924555,0.4,110.874,0,86.7108,87.6415,8530,97.37,0.98
2017,podkarpackie,PL1801,miasto Rzeszów,PkRzeszRejta,NO2,1g,17.572836242,1.20994,140.068,0,95.1092,95.2845,8715,99.48,1
2017,podkarpackie,PL1802,strefa podkarpacka,PkJasloSikor,NO2,1g,12.462708922,1.16238,87.6128,0,66.21,66.6126,8485,96.86,1.01
2017,podkarpackie,PL1802,strefa podkarpacka,PkKrempnaMPN,NO2,1g,5.186423793,0.06374,35.2833,0,29.0539,29.7932,8592,98.08,1
2017,podkarpackie,PL1802,strefa podkarpacka,PkMielBierna,NO2,1g,19.466682558,2.54084,157.97,0,87.8212,88.5155,8681,99.09,1
2017,podkarpackie,PL1802,strefa podkarpacka,PkNiskoSzkla,NO2,1g,12.031189429,0.02602,94.3014,0,67.7841,67.7884,8619,98.39,1.02
2017,podkarpackie,PL1802,strefa podkarpacka,PkPrzemGrunw,NO2,1g,12.713155163,0.50712,129.546,0,87.4451,87.6283,8657,98.82,1.01
2017,podlaskie,PL2001,Aglomeracja Białostocka,PdBialPulPie,NO2,1g,9.245675881,0,70.5,0,49.8,50.4,7886,90.02,1.23
2017,podlaskie,PL2001,Aglomeracja Białostocka,PdBialWaszyn,NO2,1g,13.079151698,0.7,93.6,0,68.3,68.3,8629,98.5,1
2017,podlaskie,PL2002,strefa podlaska,PdAugustoZdrMOB,NO2,1g,10.053637833,0,74,0,38.9,47.6,2474,28.24,0.41
2017,podlaskie,PL2002,strefa podlaska,PdBorsukowiz,NO2,1g,3.342572759,0,28.6,0,21.8,22.1,8590,98.05,0.99
2017,podlaskie,PL2002,strefa podlaska,PdLomSikorsk,NO2,1g,13.45234984,0,104.9,0,70.9,71.4,8724,99.58,1
2017,pomorskie,PL2201,Aglomeracja Trójmiejska,PmGdaKacze02,NO2,1g,14.740410801,1.9758,75.5,0,61.8956,62.2326,8614,98.33,1.01
2017,pomorskie,PL2201,Aglomeracja Trójmiejska,PmGdaLeczk08,NO2,1g,16.938452997,2.1,110.606,0,77.1677,77.572,8325,95.03,1.05
2017,pomorskie,PL2201,Aglomeracja Trójmiejska,PmGdaOstrz05,NO2,1g,14.861484823,2.1512,108.187,0,78.3,80.3,7643,87.24,0.8
2017,pomorskie,PL2201,Aglomeracja Trójmiejska,PmGdaPoWie01,NO2,1g,19.370685899,1.9514,102.085,0,86.1,86.1756,8574,97.87,1.01
2017,pomorskie,PL2201,Aglomeracja Trójmiejska,PmGdaWyzwo03,NO2,1g,16.88365208,1.9611,127.834,0,103.4,105,8149,93.02,1.12
2017,pomorskie,PL2201,Aglomeracja Trójmiejska,PmGdyPoreb04,NO2,1g,12.600632906,1.9532,98.0721,0,71.093,72.9636,7719,88.11,1.23
2017,pomorskie,PL2201,Aglomeracja Trójmiejska,PmGdySzaf09N,NO2,1g,13.5936972,1.9575,138.25,0,77.0552,77.4394,8430,96.23,1.02
2017,pomorskie,PL2201,Aglomeracja Trójmiejska,PmGdyWendy10,NO2,1g,19.263805752,2.066,119.428,0,85.8211,86.2779,8501,97.04,1
2017,pomorskie,PL2201,Aglomeracja Trójmiejska,PmSopBitPl06,NO2,1g,12.714713911,2.0525,94.4973,0,70.1002,70.6127,8619,98.39,1.01
2017,pomorskie,PL2202,strefa pomorska,PmKosTargo12,NO2,1g,15.542024062,1.79048,79.1348,0,62.5793,62.7018,8565,97.77,1.01
2017,pomorskie,PL2202,strefa pomorska,PmLebaRabkaE,NO2,24g,4.224242424,0.3,25.3,,,,363,99.45,0.99
2017,pomorskie,PL2202,strefa pomorska,PmLebMalcz16,NO2,1g,10.716741339,0.51549,73.4767,0,48.7555,48.9836,8252,94.2,0.92
2017,pomorskie,PL2202,strefa pomorska,PmLinieKos17,NO2,1g,5.711440896,0.08534,44.3788,0,31.0313,36.0152,4886,55.77,1.3
2017,pomorskie,PL2202,strefa pomorska,PmMalMicki15,NO2,1g,14.099569538,0.3423,75.638,0,53.5597,54.7944,6515,74.37,1.55
2017,pomorskie,PL2202,strefa pomorska,PmSlupKniazi,NO2,1g,11.96036301,0.66814,71.3946,0,51.7042,51.9363,8604,98.21,0.99
2017,pomorskie,PL2202,strefa pomorska,PmStaGdaLubi,NO2,1g,13.820953194,1.48593,122.146,0,58.1223,65.3108,4721,53.89,1.03
2017,śląskie,PL2401,Aglomeracja Górnośląska,SlDabro1000L,NO2,1g,27.173291617,1.94577,149.904,0,121.447,121.792,8726,99.61,1
2017,śląskie,PL2401,Aglomeracja Górnośląska,SlGliwicMewy,NO2,1g,22.590339491,0.52,131.03,0,104.533,104.989,8656,98.81,1.01
2017,śląskie,PL2401,Aglomeracja Górnośląska,SlKatoKossut,NO2,1g,29.179719121,2.1595,177.677,0,121.033,125.58,8637,98.59,0.98
2017,śląskie,PL2401,Aglomeracja Górnośląska,SlKatoPlebA4,NO2,1g,57.482007231,1.93224,245.033,4,154.867,155.547,8671,98.98,1.02
2017,śląskie,PL2401,Aglomeracja Górnośląska,SlSosnoLubel,NO2,1g,25.406635733,3.13515,135.02,0,106.349,106.377,8712,99.45,1.01
2017,śląskie,PL2401,Aglomeracja Górnośląska,SlTychyTolst,NO2,1g,21.465079396,1.13445,124.627,0,94.734,97.8339,8745,99.82,1
2017,śląskie,PL2401,Aglomeracja Górnośląska,SlZabSkloCur,NO2,1g,24.655302876,1.8573,159.521,0,108.904,110.494,8735,99.71,1
2017,śląskie,PL2402,Aglomeracja Rybnicko-Jastrzębska,SlRybniBorki,NO2,1g,22.970204018,0.38306,138.974,0,103.971,108.239,8681,99.09,1.01
2017,śląskie,PL2403,miasto Bielsko-Biała,SlBielKossak,NO2,1g,20.74189806,0.13225,159.311,0,112.773,112.803,8723,99.57,1
2017,śląskie,PL2404,miasto Częstochowa,SlCzestoArmK,NO2,1g,36.080630554,3.03158,215.854,3,141.665,143.638,8743,99.8,1
2017,śląskie,PL2404,miasto Częstochowa,SlCzestoBacz,NO2,1g,19.395419219,0.42117,138.951,0,101.104,101.173,8459,96.56,1
2017,śląskie,PL2405,strefa śląska,SlCiesMickie,NO2,1g,13.986626855,0.4707,111.614,0,80.3821,80.5844,8731,99.66,1.01
2017,śląskie,PL2405,strefa śląska,SlUstronSana,NO2,1g,15.387050163,1.49728,110.986,0,84.5807,84.6891,8747,99.85,1
2017,śląskie,PL2405,strefa śląska,SlWodzGalczy,NO2,1g,20.586748356,1.05479,134.511,0,95.1873,95.9941,8735,99.71,1.01
2017,śląskie,PL2405,strefa śląska,SlZlotPotLes,NO2,1g,10.437751409,0.01685,75.0996,0,63.6436,64.3282,8665,98.91,1
2017,śląskie,PL2405,strefa śląska,SlZywieKoper,NO2,1g,17.036248997,0.09188,116.273,0,95.19,95.2415,8652,98.76,1.02
2017,świętokrzyskie,PL2601,miasto Kielce,SkKielJagiel,NO2,1g,23.216853017,1.2,159.4,0,118.9,119.8,8586,98.01,1.02
2017,świętokrzyskie,PL2602,strefa świętokrzyska,SkMalo11List,NO2,1g,10.182120427,0,66.8,0,49.2,60.5,2390,27.28,0.31
2017,świętokrzyskie,PL2602,strefa świętokrzyska,SkMaloSlonec,NO2,1g,14.232123412,2.4,48.5,0,40.2,46,2204,25.15,0.01
2017,świętokrzyskie,PL2602,strefa świętokrzyska,SkNowiParkow,NO2,1g,17.751235774,2,104,0,82,82,8699,99.3,1.01
2017,świętokrzyskie,PL2602,strefa świętokrzyska,SkPolaRuszcz,NO2,1g,12.82664268,0.4,127.5,0,75.3,77.1,7643,87.24,1.2
2017,świętokrzyskie,PL2602,strefa świętokrzyska,SkSwietKrzyz,NO2,1g,3.41051782,0,45,0,32.65,33,8642,98.65,1.03
2017,warmińsko-mazurskie,PL2801,miasto Olsztyn,WmOlsPuszkin,NO2,1g,14.090215804,-0.19471,106.024,0,72.6291,75.3094,8594,98.1,1.01
2017,warmińsko-mazurskie,PL2802,miasto Elbląg,WmElbBazynsk,NO2,1g,13.357868712,0,93.2089,0,65.6878,65.767,8720,99.54,1
2017,warmińsko-mazurskie,PL2803,strefa warmińsko-mazurska,WmElkStadion,NO2,1g,10.371397592,0,80.8189,0,53.7854,54.4068,8743,99.8,1
2017,warmińsko-mazurskie,PL2803,strefa warmińsko-mazurska,WmGoldJacwie,NO2,1g,8.225992365,0,57.2028,0,43.9271,44.702,8732,99.68,1.01
2017,warmińsko-mazurskie,PL2803,strefa warmińsko-mazurska,WmOstrPilsud,NO2,1g,15.741583464,0,114.192,0,78.9629,80.4224,8134,92.85,0.99
2017,warmińsko-mazurskie,PL2803,strefa warmińsko-mazurska,WmPuszczaBor,NO2,1g,4.616343292,0.05,26.6598,0,21.0324,21.2942,7925,90.46,1.16
2017,wielkopolskie,PL3001,Aglomeracja Poznańska,WpPoznDabrow,NO2,1g,21.435138062,0.09772,185.827,0,107.787,108.104,8634,98.56,1
2017,wielkopolskie,PL3001,Aglomeracja Poznańska,WpPoznPolank,NO2,1g,20.88138115,0.93905,116.037,0,87.6717,88.2331,8655,98.8,1.01
2017,wielkopolskie,PL3002,miasto Kalisz,WpKaliSawick,NO2,1g,17.11189236,0.46896,108.931,0,82.0044,82.0429,8632,98.53,1.01
2017,wielkopolskie,PL3003,strefa wielkopolska,WpBoroDrapal,NO2,1g,12.495759588,0.24307,83.5103,0,64.4612,65.425,8538,97.46,1.02
2017,wielkopolskie,PL3003,strefa wielkopolska,WpKoniWyszyn,NO2,1g,15.730220598,1.56492,83.4541,0,71.3606,71.6753,8539,97.47,1.03
2017,wielkopolskie,PL3003,strefa wielkopolska,WpPiaskiKrzy,NO2,1g,8.838740878,0.34559,71.6084,0,41.9008,41.9942,8592,98.08,1.01
2017,wielkopolskie,PL3003,strefa wielkopolska,WpPilaKusoci,NO2,1g,14.27084972,0.39228,96.2007,0,68.4619,68.6557,8619,98.39,1.01
2017,zachodniopomorskie,PL3201,Aglomeracja Szczecińska,ZpSzczAndr01,NO2,1g,14.520061677,0.94591,98.3012,0,65.7818,66.0283,8607,98.25,1.01
2017,zachodniopomorskie,PL3201,Aglomeracja Szczecińska,ZpSzczPils02,NO2,1g,22.979307499,0.28946,137.968,0,86.3762,87.0555,8556,97.67,0.99
2017,zachodniopomorskie,PL3202,miasto Koszalin,ZpKoszArKraj,NO2,1g,22.858976016,0.4233,169.764,0,100.739,101.818,8631,98.52,1.01
2017,zachodniopomorskie,PL3203,strefa zachodniopomorska,ZpSzczecPrze,NO2,1g,11.668183213,0.40555,91.9451,0,62.2621,62.3225,8614,98.33,1
2017,zachodniopomorskie,PL3203,strefa zachodniopomorska,ZpWiduBulRyb,NO2,1g,8.842320955,0.09932,70.8927,0,39.2746,39.3352,8554,97.64,1.02
2018,dolnośląskie,PL0201,Aglomeracja Wrocławska,DsWrocAlWisn,NO2,1g,45.566711034,0.1588,183.68,0,136.836,137.05,8664,98.9,1
2018,dolnośląskie,PL0201,Aglomeracja Wrocławska,DsWrocBartni,NO2,1g,16.173462458,0.01912,95.9415,0,62.9802,63.1629,8690,99.2,1
2018,dolnośląskie,PL0201,Aglomeracja Wrocławska,DsWrocWybCon,NO2,1g,21.793479052,0.26024,116.687,0,87.2897,88.4324,8452,96.48,0.97
2018,dolnośląskie,PL0202,miasto Legnica,DsLegAlRzecz,NO2,1g,21.317764376,1.89129,123.64,0,93.3391,93.7411,8401,95.9,0.94
2018,dolnośląskie,PL0203,miasto Wałbrzych,DsWalbrzWyso,NO2,1g,15.207159213,0.17049,93.2759,0,71.6434,71.7834,8652,98.76,1.01
2018,dolnośląskie,PL0204,strefa dolnośląska,DsCzerStraza,NO2,1g,6.079853894,0,32.4466,0,25.9039,26.1238,8548,97.57,1.02
2018,dolnośląskie,PL0204,strefa dolnośląska,DsDzialoszyn,NO2,1g,10.425220702,0,70.8656,0,41.1032,41.398,8458,96.55,0.96
2018,dolnośląskie,PL0204,strefa dolnośląska,DsDziePilsud,NO2,1g,17.337447291,1.40392,87.9003,0,78.2936,78.393,8633,98.55,1.02
2018,dolnośląskie,PL0204,strefa dolnośląska,DsJelGorOgin,NO2,1g,11.955489132,0,68.3328,0,55.0805,55.0879,8664,98.9,1
2018,dolnośląskie,PL0204,strefa dolnośląska,DsKlodzSzkol,NO2,1g,15.661652144,0,91.5651,0,72.7627,73.7209,8484,96.84,1.04
2018,dolnośląskie,PL0204,strefa dolnośląska,DsLadekMOB,NO2,1g,8.035901335,0,52.7543,0,37.1258,38.505,7499,85.6,1.38
2018,dolnośląskie,PL0204,strefa dolnośląska,DsLubanMOB,NO2,1g,19.076952471,2.43851,90.6121,0,73.1428,74.0564,7883,89.98,1.23
2018,dolnośląskie,PL0204,strefa dolnośląska,DsOlawZolnAK,NO2,1g,17.127613276,1.37542,89.7145,0,68.7765,69.4558,7524,85.89,1.26
2018,dolnośląskie,PL0204,strefa dolnośląska,DsOsieczow21,NO2,1g,8.935050147,0,64.2528,0,36.9616,36.9908,8557,97.68,1.01
2018,dolnośląskie,PL0204,strefa dolnośląska,DsSniezkaObs,NO2,24g,3.965753425,1.6,11.2,,,,365,100,1.01
2018,dolnośląskie,PL0204,strefa dolnośląska,DsZabkPowWar,NO2,1g,14.587029793,0,82.5857,0,61.0029,61.6546,8637,98.59,1.01
2018,dolnośląskie,PL0204,strefa dolnośląska,DsZgorBohGet,NO2,1g,17.010739467,0,94.8564,0,75.8039,77.3877,8579,97.93,1.01
2018,kujawsko-pomorskie,PL0401,Aglomeracja Bydgoska,KpBydPlPozna,NO2,1g,28.196657861,1.3,113.8,0,98.7,99.2,8707,99.39,1
2018,kujawsko-pomorskie,PL0401,Aglomeracja Bydgoska,KpBydWarszaw,NO2,1g,24.55728022,4.5,106.2,0,89.8,90,8736,99.72,1
2018,kujawsko-pomorskie,PL0402,miasto Toruń,KpToruKaszow,NO2,1g,20.3118736,1,122,0,86,86,8481,96.81,0.95
2018,kujawsko-pomorskie,PL0402,miasto Toruń,KpToruStorczMOB,NO2,1g,13.778771094,0.1,88.1,0,68.4,69.1,7763,88.61,0.94
2018,kujawsko-pomorskie,PL0402,miasto Toruń,KpToruWSikor,NO2,1g,15.023174824,0,118.5,0,86.8,87.5,8643,98.66,1.02
2018,kujawsko-pomorskie,PL0403,miasto Włocławek,KpWloclOkrze,NO2,1g,27.635545621,0.1,131.1,0,97.1,97.4,8724,99.58,1
2018,kujawsko-pomorskie,PL0404,strefa kujawsko - pomorska,KpCiechTezni,NO2,1g,9.764467473,0.5,65.8,0,56,56.2,8685,99.14,1.02
2018,kujawsko-pomorskie,PL0404,strefa kujawsko - pomorska,KpGrudPilsud,NO2,1g,21.225466714,1.3,92.4,0,76.3,76.6,8517,97.22,1.05
2018,kujawsko-pomorskie,PL0404,strefa kujawsko - pomorska,KpInowSolank,NO2,1g,10.549588719,0,121.1,0,71,72.2,8510,97.14,0.98
2018,kujawsko-pomorskie,PL0404,strefa kujawsko - pomorska,KpKoniczynka,NO2,1g,8.411903309,0.8,60.9,0,40.7,40.8,8191,93.5,1.1
2018,kujawsko-pomorskie,PL0404,strefa kujawsko - pomorska,KpZielBoryTu,NO2,1g,5.183876878,0,35,0,25.9,26.7,8187,93.45,1.04
2018,lubelskie,PL0601,Aglomeracja Lubelska,LbLubObywate,NO2,1g,21.645149383,0.2,128.2,0,100,100.7,8669,98.96,1.02
2018,lubelskie,PL0602,strefa lubelska,LbBiaPodOrze,NO2,1g,14.980632955,0.1,101.5,0,83.2,84.2,8721,99.55,1
2018,lubelskie,PL0602,strefa lubelska,LbFlorianRPN,NO2,1g,5.557719525,0.15304,42.21991,0,28.46544,29.6515,7881,89.96,1.25
2018,lubelskie,PL0602,strefa lubelska,LbJarczWolaM,NO2,24g,6.525690608,0.3,29.9,,,,362,99.17,1
2018,lubelskie,PL0602,strefa lubelska,LbPulaKarpin,NO2,1g,10.265990203,0,90.8,0,63.7,64.4,8574,97.87,1.04
2018,lubelskie,PL0602,strefa lubelska,LbZamoHrubie,NO2,1g,18.121661617,0.9,128.8,0,80.1,81.4,8582,97.96,1.01
2018,lubuskie,PL0801,miasto Gorzów Wielkopolski,LuGorzKosGdy,NO2,1g,21.983683729,2.50577,120.496,0,99.5462,101.58,7972,91,0.85
2018,lubuskie,PL0802,miasto Zielona Góra,LuZielKrotka,NO2,1g,15.160947793,0.04514,121.706,0,90.5332,90.9719,8618,98.37,1
2018,lubuskie,PL0803,strefa lubuska,LuSmolBytnic,NO2,1g,7.977614183,0.10134,38.1418,0,24.3295,24.4014,8673,99,1.02
2018,lubuskie,PL0803,strefa lubuska,LuSulecDudka,NO2,1g,9.276826501,-0.14446,55.4921,0,43.8735,44.4965,8567,97.79,1.02
2018,lubuskie,PL0803,strefa lubuska,LuWsKaziWiel,NO2,1g,14.043565584,0.01012,96.317,0,70.829,70.991,8481,96.81,0.97
2018,lubuskie,PL0803,strefa lubuska,LuZarySzyman,NO2,1g,15.476541761,0.66123,119.872,0,78.3164,78.3439,8612,98.31,1.01
2018,łódzkie,PL1001,Aglomeracja Łódzka,LdLodzCzerni,NO2,1g,18.611019984,2.4,98.4,0,76.7,77.4,8657,98.82,1
2018,łódzkie,PL1001,Aglomeracja Łódzka,LdLodzGdansk,NO2,1g,24.331367816,2.4,130.4,0,93.8,94.6,8700,99.31,1.01
2018,łódzkie,PL1001,Aglomeracja Łódzka,LdLodzJanPaw,NO2,1g,32.522933933,1.4,174.8,0,119.7,119.7,8446,96.41,0.98
2018,łódzkie,PL1001,Aglomeracja Łódzka,LdPabiKonsta,NO2,1g,19.929913039,1.2,99.9,0,76.9,77.3,8204,93.65,1.02
2018,łódzkie,PL1001,Aglomeracja Łódzka,LdZgieMielcz,NO2,1g,17.601027761,0.9,97.2,0,72.4,72.8,8465,96.63,1.01
2018,łódzkie,PL1002,strefa łódzka,LdGajewUjWod,NO2,1g,10.722144231,1,56,0,41.1,41.6,8307,94.82,1.07
2018,łódzkie,PL1002,strefa łódzka,LdParzniUjWo,NO2,1g,13.219761242,1,73.9,0,61.8,62.9,8628,98.49,1.02
2018,łódzkie,PL1002,strefa łódzka,LdPioTrKraPr,NO2,1g,18.846909236,0.5,115.5,0,84.3,84.4,8450,96.46,0.96
2018,łódzkie,PL1002,strefa łódzka,LdRadomsRoln,NO2,1g,20.153452144,2.36,116.2,0,83.7,83.7,8557,97.68,0.99
2018,małopolskie,PL1201,Aglomeracja Krakowska,MpKrakAlKras,NO2,1g,60.816944612,5.33448,193.276,0,150.68,150.962,8613,98.32,1
2018,małopolskie,PL1201,Aglomeracja Krakowska,MpKrakBujaka,NO2,1g,31.943091991,1.57499,143.013,0,119.949,120.431,8406,95.95,1
2018,małopolskie,PL1201,Aglomeracja Krakowska,MpKrakBulwar,NO2,1g,27.03710409,2.63313,111.223,0,93.2392,93.4171,8587,98.02,0.98
2018,małopolskie,PL1201,Aglomeracja Krakowska,MpKrakDietla,NO2,1g,41.118823376,6.01643,155.349,0,127.318,127.781,8605,98.23,0.99
2018,małopolskie,PL1202,miasto Tarnów,MpTarBitStud,NO2,1g,19.615121778,1.05744,114.415,0,87.6487,87.6705,8616,98.35,1.02
2018,małopolskie,PL1202,miasto Tarnów,MpTarRoSitko,NO2,1g,30.185442375,1.91342,163.33,0,111.162,112.035,8698,99.29,1
2018,małopolskie,PL1203,strefa małopolska,MpKaszowLisz,NO2,1g,18.733641285,1.31647,101.1,0,74.6219,76.6165,8592,98.08,1.03
2018,małopolskie,PL1203,strefa małopolska,MpNoSaczNadb,NO2,1g,24.86866963,2.4111,130.791,0,98.8979,99.6408,8674,99.01,1
2018,małopolskie,PL1203,strefa małopolska,MpSkawOsOgro,NO2,1g,22.025200482,1.5403,125.642,0,77.7862,78.1525,8651,98.75,1.01
2018,małopolskie,PL1203,strefa małopolska,MpSzarowSpok,NO2,1g,16.407177005,1.01671,95.7686,0,65.772,66.6312,8664,98.9,1
2018,małopolskie,PL1203,strefa małopolska,MpSzymbaGorl,NO2,1g,5.79087862,1,65.5779,0,33.8621,34.354,8659,98.84,1
2018,małopolskie,PL1203,strefa małopolska,MpTrzebOsZWM,NO2,1g,15.498282835,1.06287,84.5809,0,64.105,64.1862,8646,98.69,1
2018,małopolskie,PL1203,strefa małopolska,MpZakopaSien,NO2,1g,20.504940438,1,138.562,0,100.868,101.81,8637,98.59,0.99
2018,mazowieckie,PL1401,Aglomeracja Warszawska,MzWarAlNiepo,NO2,1g,50.31168396,3.44,257.58,5,168.78,169.98,8746,99.84,1.01
2018,mazowieckie,PL1401,Aglomeracja Warszawska,MzWarKondrat,NO2,1g,26.233049489,2.48,130.31,0,102.06,102.6,8608,98.26,1.01
2018,mazowieckie,PL1401,Aglomeracja Warszawska,MzWarWokalna,NO2,1g,26.737672248,1.12,175.08089,0,120.6,121.1,8626,98.47,0.99
2018,mazowieckie,PL1402,miasto Płock,MzPlocKroJad,NO2,1g,15.668138756,0.5877,146.5332,0,80.22105,82.6698,8422,96.14,1
2018,mazowieckie,PL1402,miasto Płock,MzPlocMiReja,NO2,1g,18.920971991,2.2,122.9,0,91.59,91.8,8531,97.38,1
2018,mazowieckie,PL1403,miasto Radom,MzRadTochter,NO2,1g,23.168637557,3.45,113.68,0,89.89,90.15,8650,98.74,1.02
2018,mazowieckie,PL1404,strefa mazowiecka,MzBelsIGFPAN,NO2,1g,10.612310109,0.78619,76.191338,0,51.491318,53.765926,8640,98.63,0.98
2018,mazowieckie,PL1404,strefa mazowiecka,MzGranicaKPN,NO2,1g,8.039173145,0,48.6,0,36.79,37.41,8144,92.96,1.08
2018,mazowieckie,PL1404,strefa mazowiecka,MzGutyDuCzer,NO2,1g,4.239480674,-0.04,44.26444565,0,29.39024517,30.53,8667,98.93,1.01
2018,mazowieckie,PL1404,strefa mazowiecka,MzKonJezMos,NO2,1g,16.21788482,1.9,97.5,0,69.91,70.4,8439,96.33,1.04
2018,mazowieckie,PL1404,strefa mazowiecka,MzLegZegrzyn,NO2,1g,15.876269439,0.1,94.4,0,69.72,70.77,8675,99.02,1.01
2018,mazowieckie,PL1404,strefa mazowiecka,MzOtwoBrzozo,NO2,1g,16.066559393,1.76,95.34241938,0,72.24991938,72.76,8531,97.38,1.02
2018,mazowieckie,PL1404,strefa mazowiecka,MzPiasPulask,NO2,1g,25.336764283,3.71,132.61,0,96.29785507,96.82,8531,97.38,1
2018,opolskie,PL1601,miasto Opole,OpOpoleOsAKr,NO2,1g,15.555222772,1.26515,109.23,0,66.8536,68.1194,8457,96.54,0.94
2018,opolskie,PL1602,strefa opolska,OpKKozBSmial,NO2,1g,17.076150164,1.22262,94.2781,0,71.11,71.4127,8668,98.94,1
2018,opolskie,PL1602,strefa opolska,OpZdziePiast,NO2,1g,16.234038457,0.4,87.346,0,63.6303,64.043,8667,98.93,1.01
2018,podkarpackie,PL1801,miasto Rzeszów,PkRzeszRejta,NO2,1g,18.080033381,0.2937,134.387,0,88.0683,88.7051,8695,99.25,1
2018,podkarpackie,PL1802,strefa podkarpacka,PkJasloSikor,NO2,1g,11.128946083,0.10624,67.2321,0,51.9776,52.2738,8613,98.32,1.02
2018,podkarpackie,PL1802,strefa podkarpacka,PkKrempnaMPN,NO2,1g,5.08663871,0.24177,41.8691,0,24.2633,24.3085,8636,98.58,1.01
2018,podkarpackie,PL1802,strefa podkarpacka,PkMielBierna,NO2,1g,17.550035225,2.45055,111.222,0,69.361,69.6472,8564,97.76,1.01
2018,podkarpackie,PL1802,strefa podkarpacka,PkNiskoSzkla,NO2,1g,11.17163587,0.0308,71.0761,0,58.4822,58.6675,8698,99.29,1
2018,podkarpackie,PL1802,strefa podkarpacka,PkPrzemGrunw,NO2,1g,14.083210728,0.00222,93.5781,0,71.3405,71.5752,8686,99.15,1.02
2018,podlaskie,PL2001,Aglomeracja Białostocka,PdBialWaszyn,NO2,1g,14.043935558,0,126.7,0,79.3,80.3,8690,99.2,1.01
2018,podlaskie,PL2002,strefa podlaska,PdAugustoZdrMOB,NO2,1g,11.478061661,0.5,102,0,68,69.6,7006,79.97,0.65
2018,podlaskie,PL2002,strefa podlaska,PdBorsukowiz,NO2,1g,3.482215234,0,26.4,0,19.5,19.5,8586,98.01,1.01
2018,podlaskie,PL2002,strefa podlaska,PdLomSikorsk,NO2,1g,14.497349093,0,102.1,0,81.3,82.3,8714,99.47,1
2018,pomorskie,PL2201,Aglomeracja Trójmiejska,PmGdaKacze02,NO2,1g,17.03052348,1.95998,96.0801,0,77.2899,78.2034,8235,94,0.92
2018,pomorskie,PL2201,Aglomeracja Trójmiejska,PmGdaLeczk08,NO2,1g,17.856977097,1.96401,109.132,0,86.498,87.0148,8503,97.06,1.01
2018,pomorskie,PL2201,Aglomeracja Trójmiejska,PmGdaOstrz05,NO2,1g,16.502535456,2.0772,132.149,0,76.7257,77.9447,8172,93.28,1.02
2018,pomorskie,PL2201,Aglomeracja Trójmiejska,PmGdaPoWie01,NO2,1g,19.358919713,1.96506,105.076,0,87.3734,89.5485,8648,98.72,1.01
2018,pomorskie,PL2201,Aglomeracja Trójmiejska,PmGdaWyzwo03,NO2,1g,17.39145402,0.90199,101.749,0,82.2406,85.506,7376,84.2,1.35
2018,pomorskie,PL2201,Aglomeracja Trójmiejska,PmGdyPoreb04,NO2,1g,10.863844682,1.91708,101.142,0,63.3096,65.8972,6155,70.26,1.22
2018,pomorskie,PL2201,Aglomeracja Trójmiejska,PmGdySzaf09N,NO2,1g,18.082682537,1.85685,150.862,0,93.034,97.796,7232,82.55,0.88
2018,pomorskie,PL2201,Aglomeracja Trójmiejska,PmGdyWendy10,NO2,1g,22.036824454,2.03044,161.785,0,93.6807,94.1642,8500,97.03,0.99
2018,pomorskie,PL2201,Aglomeracja Trójmiejska,PmSopBitPl06,NO2,1g,14.68374222,1.92904,104.819,0,70.7752,71.3182,8557,97.68,1
2018,pomorskie,PL2202,strefa pomorska,PmKosTargo12,NO2,1g,16.786518643,0.9,123.638,0,85.6059,86.071,8520,97.26,1.01
2018,pomorskie,PL2202,strefa pomorska,PmLebaRabkaE,NO2,24g,5.20813253,0.3,21.3,,,,332,90.95,0.84
2018,pomorskie,PL2202,strefa pomorska,PmLebMalcz16,NO2,1g,12.272187188,0.70356,73.8971,0,57.8766,58.7578,8465,96.63,1.02
2018,pomorskie,PL2202,strefa pomorska,PmLinieKos17,NO2,1g,7.608853606,0.04072,36.5085,0,26.9425,29.4134,2870,32.76,0.34
2018,pomorskie,PL2202,strefa pomorska,PmMalMicki15,NO2,1g,17.104329149,1.47989,99.5536,0,69.0792,69.2156,7840,89.49,0.86
2018,pomorskie,PL2202,strefa pomorska,PmSlupKniazi,NO2,1g,13.727322643,0.99051,88.6255,0,58.5656,59.5145,8252,94.2,0.95
2018,śląskie,PL2401,Aglomeracja Górnośląska,SlDabro1000L,NO2,1g,26.936823665,1.98051,140.757,0,98.1212,99.156,8746,99.84,1
2018,śląskie,PL2401,Aglomeracja Górnośląska,SlGliwicMewy,NO2,1g,23.3038063,0.91723,98.399,0,86.9031,87.0427,8713,99.46,1
2018,śląskie,PL2401,Aglomeracja Górnośląska,SlKatoKossut,NO2,1g,29.676525369,2.88075,118.499,0,104.004,105.131,8709,99.41,1
2018,śląskie,PL2401,Aglomeracja Górnośląska,SlKatoPlebA4,NO2,1g,55.179229554,2.40147,173.371,0,152.204,152.956,8703,99.34,1.01
2018,śląskie,PL2401,Aglomeracja Górnośląska,SlSosnoLubel,NO2,1g,22.304093322,0.54162,118.383,0,80.8755,81.9425,8724,99.58,1
2018,śląskie,PL2401,Aglomeracja Górnośląska,SlTychyTolst,NO2,1g,23.348948363,1.75692,95.6133,0,81.7736,82.3907,8683,99.12,1.01
2018,śląskie,PL2401,Aglomeracja Górnośląska,SlZabSkloCur,NO2,1g,23.209367282,0.46578,113.049,0,89.3679,89.8305,8722,99.56,1
2018,śląskie,PL2402,Aglomeracja Rybnicko-Jastrzębska,SlRybniBorki,NO2,1g,22.191111235,1.16262,101.065,0,81.4728,81.5213,8677,99.05,0.99
2018,śląskie,PL2403,miasto Bielsko-Biała,SlBielPartyz,NO2,1g,32.361458723,1.78793,161.775,0,113.898,116.387,8465,96.63,1.07
2018,śląskie,PL2404,miasto Częstochowa,SlCzestoArmK,NO2,1g,37.335242543,4.17661,155.902,0,116.32,116.623,8662,98.88,1.03
2018,śląskie,PL2404,miasto Częstochowa,SlCzestoBacz,NO2,1g,18.986163531,1.52907,108.772,0,81.354,81.5075,8670,98.97,0.99
2018,śląskie,PL2405,strefa śląska,SlCiesMickie,NO2,1g,13.689428383,0.16408,106.954,0,72.7792,73.8866,8742,99.79,1
2018,śląskie,PL2405,strefa śląska,SlUstronSana,NO2,1g,14.534549258,1.06996,127.612,0,88.2995,90.9272,8168,93.24,0.87
2018,śląskie,PL2405,strefa śląska,SlWodzGalczy,NO2,1g,21.063310483,1.10246,93.7539,0,84.5264,84.9274,8746,99.84,1
2018,śląskie,PL2405,strefa śląska,SlZlotPotLes,NO2,1g,8.979528805,0.49446,62.4496,0,44.0163,45.1922,8584,97.99,1.03
2018,śląskie,PL2405,strefa śląska,SlZywieKoper,NO2,1g,16.692421495,0.69597,146.951,0,99.4516,99.5732,8702,99.33,1
2018,świętokrzyskie,PL2601,miasto Kielce,SkKielJagiel,NO2,1g,28.501196382,3.3,113.7,0,89.9,99,3427,39.12,0.59
2018,świętokrzyskie,PL2601,miasto Kielce,SkKielTargow,NO2,1g,25.568429451,2.2,132.6,0,101.5,112.1,4387,50.07,1
2018,świętokrzyskie,PL2602,strefa świętokrzyska,SkMaloSlonec,NO2,1g,11.201308102,0.2,77.1,0,47.4,47.5,8455,96.51,0.99
2018,świętokrzyskie,PL2602,strefa świętokrzyska,SkNowiParkow,NO2,1g,19.03988821,2,114,0,87,88,8677,99.05,1.01
2018,świętokrzyskie,PL2602,strefa świętokrzyska,SkPolaRuszcz,NO2,1g,7.518481205,0,56.4,0,46.7,46.7,8566,97.78,1.04
2018,świętokrzyskie,PL2602,strefa świętokrzyska,SkSwietKrzyz,NO2,1g,2.840049272,0,43.53,0,26.99,27.02,8727,99.62,1.01
2018,warmińsko-mazurskie,PL2801,miasto Olsztyn,WmOlsPuszkin,NO2,1g,14.75189202,0,106.342,0,82.0216,82.0333,8709,99.41,1
2018,warmińsko-mazurskie,PL2802,miasto Elbląg,WmElbBazynsk,NO2,1g,13.375692676,0,115.593,0,69.446,70.0769,8665,98.91,1
2018,warmińsko-mazurskie,PL2803,strefa warmińsko-mazurska,WmElkStadion,NO2,1g,11.724485505,0.5371,105.848,0,80.0309,80.5586,8741,99.78,1
2018,warmińsko-mazurskie,PL2803,strefa warmińsko-mazurska,WmGoldJacwie,NO2,1g,9.628449062,0,83.0445,0,58.1742,58.1779,8750,99.88,1.01
2018,warmińsko-mazurskie,PL2803,strefa warmińsko-mazurska,WmOstrPilsud,NO2,1g,15.061309232,0,100.896,0,83.4694,83.8109,8748,99.86,1.01
2018,warmińsko-mazurskie,PL2803,strefa warmińsko-mazurska,WmPuszczaBor,NO2,1g,3.922012542,0.00697,28.2979,0,22.2668,22.3682,8417,96.08,0.97
2018,wielkopolskie,PL3001,Aglomeracja Poznańska,WpPoznDabrow,NO2,1g,23.500860968,1.20881,142.037,0,118.405,118.931,8512,97.16,0.97
2018,wielkopolskie,PL3001,Aglomeracja Poznańska,WpPoznPolank,NO2,1g,21.497762055,1.95636,138.294,0,98.5715,99.1478,8659,98.84,1.01
2018,wielkopolskie,PL3002,miasto Kalisz,WpKaliSawick,NO2,1g,18.17714835,1.33342,107.363,0,74.5846,76.232,6722,76.73,0.56
2018,wielkopolskie,PL3003,strefa wielkopolska,WpBoroDrapal,NO2,1g,13.870927696,0.93005,76.1263,0,60.5489,60.5741,8458,96.55,1.06
2018,wielkopolskie,PL3003,strefa wielkopolska,WpKoniWyszyn,NO2,1g,13.954003668,0.39104,94.55,0,70.6809,71.0015,8384,95.7,1.05
2018,wielkopolskie,PL3003,strefa wielkopolska,WpKozieosLes,NO2,1g,17.652590346,-0.00294,77.1488,0,67.8317,67.8896,8286,94.58,0.98
2018,wielkopolskie,PL3003,strefa wielkopolska,WpPiaskiKrzy,NO2,1g,10.487681958,0.4137,79.5284,0,45.069,45.4325,8564,97.76,1.03
2018,wielkopolskie,PL3003,strefa wielkopolska,WpPilaKusoci,NO2,1g,15.315717927,1.18621,92.3572,0,75.0813,75.876,8656,98.81,1.01
2018,zachodniopomorskie,PL3201,Aglomeracja Szczecińska,ZpSzczAndr01,NO2,1g,16.924128239,1.66928,96.0621,0,74.9159,75.4778,8478,96.78,0.96
2018,zachodniopomorskie,PL3201,Aglomeracja Szczecińska,ZpSzczPils02,NO2,1g,24.873759646,0.19226,143.42,0,114.154,114.352,8254,94.22,0.91
2018,zachodniopomorskie,PL3202,miasto Koszalin,ZpKoszArKraj,NO2,1g,25.703516061,0.8535,151.297,0,107.675,108.517,8485,96.86,1.01
2018,zachodniopomorskie,PL3203,strefa zachodniopomorska,ZpSzczecPrze,NO2,1g,13.987831822,0,82.158,0,71.8351,72.3481,8579,97.93,0.99
2018,zachodniopomorskie,PL3203,strefa zachodniopomorska,ZpWiduBulRyb,NO2,1g,7.50247408,0.00266,44.309,0,30.6865,30.7566,8603,98.2,1.01
2019,dolnośląskie,PL0201,Aglomeracja Wrocławska,DsWrocAlWisn,NO2,1g,44.136738734,2.1988,190.359,0,132.558,132.688,8686,99.15,1.01
2019,dolnośląskie,PL0201,Aglomeracja Wrocławska,DsWrocBartni,NO2,1g,13.650307211,0.29239,76.7169,0,59.409,59.5885,8590,98.05,1.01
2019,dolnośląskie,PL0201,Aglomeracja Wrocławska,DsWrocWybCon,NO2,1g,20.427197685,0.12949,107.948,0,84.7396,85.6472,8622,98.42,1.01
2019,dolnośląskie,PL0202,miasto Legnica,DsLegAlRzecz,NO2,1g,18.252264412,0.60494,107.624,0,75.7492,75.8113,8667,98.93,1.01
2019,dolnośląskie,PL0203,miasto Wałbrzych,DsWalbrzWyso,NO2,1g,13.126496681,0.017,185.352,0,70.8784,70.9187,8592,98.08,1.02
2019,dolnośląskie,PL0204,strefa dolnośląska,DsDusznikMOB,NO2,1g,13.402467845,1.03195,80.6907,0,73.1845,73.2907,8594,98.1,0.98
2019,dolnośląskie,PL0204,strefa dolnośląska,DsDzialoszyn,NO2,1g,9.481002986,0.04355,51.2177,0,38.3807,38.4131,8636,98.58,1.01
2019,dolnośląskie,PL0204,strefa dolnośląska,DsDziePilsud,NO2,1g,16.194848035,0.98584,122.509,0,77.9796,78.3504,8658,98.83,1.01
2019,dolnośląskie,PL0204,strefa dolnośląska,DsJaworMOB,NO2,1g,10.579774685,0.76374,67.0836,0,49.5357,50.0986,8730,99.65,1.01
2019,dolnośląskie,PL0204,strefa dolnośląska,DsJelGorOgin,NO2,1g,10.793590884,0,65.3564,0,55.874,56.8018,8599,98.16,1.01
2019,dolnośląskie,PL0204,strefa dolnośląska,DsKlodzSzkol,NO2,1g,13.203765718,0.13534,83.7961,0,67.4373,68.3986,8527,97.34,0.99
2019,dolnośląskie,PL0204,strefa dolnośląska,DsLubanMieszMOB,NO2,1g,11.23810388,0.53582,80.8763,0,57.7701,57.8436,8588,98.03,0.98
2019,dolnośląskie,PL0204,strefa dolnośląska,DsOlawZolnAK,NO2,1g,16.49201571,1.19866,110.151,0,72.7948,73.1606,8611,98.29,1.01
2019,dolnośląskie,PL0204,strefa dolnośląska,DsOsieczow21,NO2,1g,7.530873763,0,60.1505,0,38.5406,38.7074,8377,95.62,0.95
2019,dolnośląskie,PL0204,strefa dolnośląska,DsZabkPowWar,NO2,1g,13.092341179,1.23961,66.733,0,55.8947,55.909,8583,97.97,0.99
2019,dolnośląskie,PL0204,strefa dolnośląska,DsZgorBohGet,NO2,1g,14.194766806,0.24325,82.2383,0,63.7291,64.8853,8664,98.9,1
2019,kujawsko-pomorskie,PL0401,Aglomeracja Bydgoska,KpBydPlPozna,NO2,1g,26.433069925,0.4,148.4,0,102.8,104.5,8671,98.98,1.01
2019,kujawsko-pomorskie,PL0401,Aglomeracja Bydgoska,KpBydWarszaw,NO2,1g,18.905010211,0.23977546,98.8,0,71.68075381,72.2,8690,99.2,1
2019,kujawsko-pomorskie,PL0402,miasto Toruń,KpToruKaszow,NO2,1g,18.135213432,1.6,141.8,0,87.9,88,8574,97.87,1.03
2019,kujawsko-pomorskie,PL0402,miasto Toruń,KpToruWSikor,NO2,1g,10.419660698,0,102.1,0,64.4,65.7,7596,86.71,0.74
2019,kujawsko-pomorskie,PL0403,miasto Włocławek,KpWloclKalis,NO2,1g,13.214784655,0.1,110.5,0,80.2,80.7,8408,95.98,1.07
2019,kujawsko-pomorskie,PL0403,miasto Włocławek,KpWloclOkrze,NO2,1g,24.557803094,0.1,150.4,0,89.1,89.4,8592,98.08,0.99
2019,kujawsko-pomorskie,PL0404,strefa kujawsko - pomorska,KpCiechTezni,NO2,1g,9.587824397,0.6,76.1,0,49.8,49.9,8747,99.85,1.01
2019,kujawsko-pomorskie,PL0404,strefa kujawsko - pomorska,KpGrudPilsud,NO2,1g,19.901996307,1.2,88,0,73.5,74.4,8666,98.92,0.99
2019,kujawsko-pomorskie,PL0404,strefa kujawsko - pomorska,KpInowSolank,NO2,1g,10.028905863,0.73977546,88.16038492,0,55.05918204,55.80473136,8147,93,1.07
2019,kujawsko-pomorskie,PL0404,strefa kujawsko - pomorska,KpKoniczynka,NO2,1g,8.278125501,0,54.4,0,39.5,40.3,8098,92.44,0.89
2019,kujawsko-pomorskie,PL0404,strefa kujawsko - pomorska,KpMogiNowMOB,NO2,1g,13.896740914,0.1,85.9,0,57,57.3,8530,97.37,1.06
2019,kujawsko-pomorskie,PL0404,strefa kujawsko - pomorska,KpWieniecZdrMOB,NO2,1g,9.799698141,0.8,51.1,0,40.6,40.6,8282,94.54,0.9
2019,kujawsko-pomorskie,PL0404,strefa kujawsko - pomorska,KpZielBoryTu,NO2,1g,4.519526178,0.06,25.0397755,0,21.89318364,21.95228549,8039,91.76,1.03
2019,lubelskie,PL0601,Aglomeracja Lubelska,LbLubObywate,NO2,1g,19.475377402,0,105.5,0,87.1,88.4,8744,99.81,1.01
2019,lubelskie,PL0602,strefa lubelska,LbBiaPodOrze,NO2,1g,13.300298713,0,119.2,0,78.8,79.9,8704,99.36,1.01
2019,lubelskie,PL0602,strefa lubelska,LbFlorianRPN,NO2,1g,5.258891905,0.3,35.12268,0,23.35773,23.7,8707,99.39,1
2019,lubelskie,PL0602,strefa lubelska,LbJarczWolaM,NO2,24g,7.082072829,2,17.7,,,,357,97.8,0.99
2019,lubelskie,PL0602,strefa lubelska,LbNaleczow,NO2,1g,8.887738794,0.7,73.3,0,55,56.6,8143,92.95,1.13
2019,lubelskie,PL0602,strefa lubelska,LbPulaKarpin,NO2,1g,13.189930062,0.36,85.86,0,60.75,60.75,8722,99.56,1
2019,lubelskie,PL0602,strefa lubelska,LbZamoHrubie,NO2,1g,15.528827146,0,88.56,0,69.6,69.84,8539,97.47,1.02
2019,lubuskie,PL0801,miasto Gorzów Wielkopolski,LuGorzKosGdy,NO2,1g,18.169684734,1.69159,111.067,0,79.8529,80.3311,8643,98.66,1
2019,lubuskie,PL0802,miasto Zielona Góra,LuZielKrotka,NO2,1g,15.23509866,0.93794,124.501,0,74.5643,76.0934,8640,98.63,1
2019,lubuskie,PL0803,strefa lubuska,LuNowaSolMOB,NO2,1g,6.876976399,0.41361,50.0878,0,32.2836,32.3108,8482,96.82,1.07
2019,lubuskie,PL0803,strefa lubuska,LuSmolBytnic,NO2,1g,7.988717039,0.26131,51.7746,0,26.2692,28.5338,8727,99.62,1.01
2019,lubuskie,PL0803,strefa lubuska,LuSulecDudka,NO2,1g,8.956941633,0.46897,56.6249,0,42.0879,42.6286,8636,98.58,1.01
2019,lubuskie,PL0803,strefa lubuska,LuWsKaziWiel,NO2,1g,12.22915798,0.34416,95.2617,0,64.6261,65.4908,8482,96.82,1.05
2019,lubuskie,PL0803,strefa lubuska,LuZarySzyman,NO2,1g,15.978611454,2.20674,92.0784,0,71.4843,71.6471,8423,96.15,0.99
2019,łódzkie,PL1001,Aglomeracja Łódzka,LdLodzCzerni,NO2,1g,15.457616508,1.3,84.6,0,66.7,66.9,8626,98.47,1.03
2019,łódzkie,PL1001,Aglomeracja Łódzka,LdLodzGdansk,NO2,1g,20.867407322,1.7,110.6,0,90.9,91.2,8686,99.15,1.02
2019,łódzkie,PL1001,Aglomeracja Łódzka,LdLodzJanPaw,NO2,1g,28.043526171,2.1,137.13030303,0,112.99090909,114.6,8712,99.45,1
2019,łódzkie,PL1001,Aglomeracja Łódzka,LdPabiKonsta,NO2,1g,17.060491833,1.5,94.35384615,0,75.7,75.9,8543,97.52,1.01
2019,łódzkie,PL1001,Aglomeracja Łódzka,LdZgieMielcz,NO2,1g,15.735983408,1,80.2,0,65.5,66.5,8679,99.07,1
2019,łódzkie,PL1002,strefa łódzka,LdGajewUjWod,NO2,1g,9.858986397,0.3,59.4,0,43,43.2,8307,94.82,0.98
2019,łódzkie,PL1002,strefa łódzka,LdParzniUjWo,NO2,1g,9.745114345,0.8,68.1,0,52.3,52.7,8658,98.83,1.01
2019,łódzkie,PL1002,strefa łódzka,LdPioTrKraPr,NO2,1g,18.507941967,2.4,111.6834891,0,79.9,79.9,8592,98.08,1.01
2019,łódzkie,PL1002,strefa łódzka,LdRadomsRoln,NO2,1g,19.142702232,3,93.4,0,78.4,78.43,8604,98.21,1.01
2019,małopolskie,PL1201,Aglomeracja Krakowska,MpKrakAlKras,NO2,1g,57.125188211,5.0773,168.845,0,136.368,137.243,8665,98.91,1
2019,małopolskie,PL1201,Aglomeracja Krakowska,MpKrakBujaka,NO2,1g,32.321393956,3.00804,131.748,0,111.831,111.958,8636,98.58,1
2019,małopolskie,PL1201,Aglomeracja Krakowska,MpKrakBulwar,NO2,1g,25.084652101,1.3453,118.223,0,88.8629,89.2869,8658,98.83,1
2019,małopolskie,PL1201,Aglomeracja Krakowska,MpKrakDietla,NO2,1g,41.426564109,5.39131,157.651,0,118.75,119.499,8682,99.1,1.01
2019,małopolskie,PL1202,miasto Tarnów,MpTarBitStud,NO2,1g,19.523419227,1,106.509,0,87.5956,87.7512,8578,97.92,0.99
2019,małopolskie,PL1202,miasto Tarnów,MpTarRoSitko,NO2,1g,26.760336218,1.72623,150.122,0,110.638,110.796,8677,99.05,1.01
2019,małopolskie,PL1203,strefa małopolska,MpKaszowLisz,NO2,1g,13.400978313,1,74.4002,0,65.6192,65.6202,8514,97.19,0.99
2019,małopolskie,PL1203,strefa małopolska,MpNoSaczNadb,NO2,1g,22.166883159,1,104.154,0,89.1236,89.472,8606,98.24,1.02
2019,małopolskie,PL1203,strefa małopolska,MpSkawOsOgro,NO2,1g,18.84818733,1,83.0719,0,68.4273,68.5176,8612,98.31,1.02
2019,małopolskie,PL1203,strefa małopolska,MpSzarowSpok,NO2,1g,17.181035355,1.62909,89.313,0,72.378,72.7443,8672,98.99,1.01
2019,małopolskie,PL1203,strefa małopolska,MpSzymbaGorl,NO2,1g,4.517702022,0.99546,46.7882,0,34.6407,34.8722,8340,95.2,0.95
2019,małopolskie,PL1203,strefa małopolska,MpTrzebOsZWM,NO2,1g,17.269713038,0.99502,87.2979,0,74.2572,74.3094,8644,98.67,1.01
2019,małopolskie,PL1203,strefa małopolska,MpZakopaSien,NO2,1g,16.376563569,1,111.742,0,91.3049,91.7043,8580,97.94,1.01
2019,mazowieckie,PL1401,Aglomeracja Warszawska,MzWarAlNiepo,NO2,1g,49.676324845,3.88,192.77,0,138.47,140,8718,99.52,1.01
2019,mazowieckie,PL1401,Aglomeracja Warszawska,MzWarChrosci,NO2,1g,21.511404243,2.82,111.74,0,77.26,78.74,8468,96.66,1.04
2019,mazowieckie,PL1401,Aglomeracja Warszawska,MzWarKondrat,NO2,1g,24.519958242,3.28,136.9,0,96.1,96.86,8621,98.41,1.02
2019,mazowieckie,PL1401,Aglomeracja Warszawska,MzWarWokalna,NO2,1g,22.137649987,4.05,135.4,0,85.85,89.2,8183,93.41,1.13
2019,mazowieckie,PL1402,miasto Płock,MzPlocKroJad,NO2,1g,12.575511705,0.3345,83.402,0,60.32,60.3215,8543,97.52,0.96
2019,mazowieckie,PL1402,miasto Płock,MzPlocMiReja,NO2,1g,14.121975408,0.88,111.32,0,70.92,71.99,8702,99.33,1
2019,mazowieckie,PL1403,miasto Radom,MzRadTochter,NO2,1g,22.351226556,3.74,121.2,0,91.3,91.4,8691,99.21,1
2019,mazowieckie,PL1404,strefa mazowiecka,MzBelsIGFPAN,NO2,1g,8.014272894,0.852,47.648,0,36.077,36.133,8725,99.6,1.01
2019,mazowieckie,PL1404,strefa mazowiecka,MzGranicaKPN,NO2,1g,8.122490683,0.26,46.46,0,38.133,38.46,8050,91.89,0.97
2019,mazowieckie,PL1404,strefa mazowiecka,MzGutyDuCzer,NO2,1g,4.983065445,0,39.91,0,29.4,29.81,7640,87.21,1.3
2019,mazowieckie,PL1404,strefa mazowiecka,MzKonJezMos,NO2,1g,16.898595322,2.16,83.91,0,67.11,67.19,8550,97.6,1.03
2019,mazowieckie,PL1404,strefa mazowiecka,MzLegZegrzyn,NO2,1g,17.044560842,1.55,78.38,0,66.34,66.42,8744,99.81,1.01
2019,mazowieckie,PL1404,strefa mazowiecka,MzOtwoBrzozo,NO2,1g,16.120050633,2.21,99.71,0,73.61,74.81,8690,99.2,1.01
2019,mazowieckie,PL1404,strefa mazowiecka,MzPiasPulask,NO2,1g,24.168601394,4.38873128,125.53,0,98.63,98.63,8406,95.95,1.08
2019,opolskie,PL1601,miasto Opole,OpOpoleOsAKr,NO2,1g,16.622198971,2.17167,88.804,0,67.8313,68.6044,8185,93.43,1.01
2019,opolskie,PL1602,strefa opolska,OpKKozBSmial,NO2,1g,14.252169626,0.11844,93.919,0,62.405,63.2367,8635,98.57,1.01
2019,opolskie,PL1602,strefa opolska,OpPrudPodgor,NO2,1g,9.244586811,0.64955,63.7328,0,47.791,47.8154,8631,98.52,1.02
2019,opolskie,PL1602,strefa opolska,OpZdziePiast,NO2,1g,14.921918915,1.55722,90.6862,0,65.7468,66.5562,8264,94.33,0.91
2019,podkarpackie,PL1801,miasto Rzeszów,PkRzeszPilsu,NO2,1g,33.335915674,1.16579,157.648,0,104.424,104.578,8705,99.37,1.02
2019,podkarpackie,PL1801,miasto Rzeszów,PkRzeszRejta,NO2,1g,15.772800257,0.49962,92.7633,0,78.6002,79.2726,8745,99.82,1.01
2019,podkarpackie,PL1802,strefa podkarpacka,PkJasloSikor,NO2,1g,10.147192988,0.0298,70.7285,0,51.392,51.4477,8721,99.55,1
2019,podkarpackie,PL1802,strefa podkarpacka,PkKrempnaMPN,NO2,1g,4.762294278,0.63425,62.1873,0,20.7064,20.7574,8633,98.55,0.99
2019,podkarpackie,PL1802,strefa podkarpacka,PkMielBierna,NO2,1g,14.785609131,1.90387,119.108,0,69.2882,69.4051,8251,94.18,0.93
2019,podkarpackie,PL1802,strefa podkarpacka,PkNiskoSzkla,NO2,1g,11.00217073,0.28627,122.04,0,53.0824,54.1324,8711,99.44,1.01
2019,podkarpackie,PL1802,strefa podkarpacka,PkPrzemGrunw,NO2,1g,14.769529917,2.44208,83.224,0,68.0336,69.0695,8704,99.36,1.01
2019,podlaskie,PL2001,Aglomeracja Białostocka,PdBialWaszyn,NO2,1g,12.551077982,0,95.3,0,71.8,72.3,8720,99.54,1
2019,podlaskie,PL2002,strefa podlaska,PdBorsukowiz,NO2,1g,3.683333333,0,36.3,0,18.5,18.9,8688,99.17,1
2019,podlaskie,PL2002,strefa podlaska,PdLomSikorsk,NO2,1g,12.970164276,0.2,88.1,0,64.7,64.8,8644,98.67,0.99
2019,pomorskie,PL2201,Aglomeracja Trójmiejska,PmGdaKacze02,NO2,1g,15.282980716,1.98576,82.666,0,67.8808,68.2422,8264,94.33,0.93
2019,pomorskie,PL2201,Aglomeracja Trójmiejska,PmGdaLeczk08,NO2,1g,15.86737744,1.86632,92.1256,0,75.7983,76.1346,8497,96.99,1.02
2019,pomorskie,PL2201,Aglomeracja Trójmiejska,PmGdaOstrz05,NO2,1g,14.202458559,2.04055,82.5724,0,66.511,69.0205,8561,97.72,1.01
2019,pomorskie,PL2201,Aglomeracja Trójmiejska,PmGdaPoWie01,NO2,1g,17.140372257,1.96133,87.5337,0,70.9836,71.4904,8632,98.53,1.01
2019,pomorskie,PL2201,Aglomeracja Trójmiejska,PmGdaWyzwo03,NO2,1g,15.307763709,0.65788,77.502,0,59.4726,60.1234,8345,95.26,0.95
2019,pomorskie,PL2201,Aglomeracja Trójmiejska,PmGdyPoreb04,NO2,1g,11.808878229,0.49074,106.822,0,71.3872,71.5845,7991,91.22,1.21
2019,pomorskie,PL2201,Aglomeracja Trójmiejska,PmGdySzaf09N,NO2,1g,13.464611018,1.36089,112.539,0,84.6019,84.8936,8367,95.51,1.06
2019,pomorskie,PL2201,Aglomeracja Trójmiejska,PmGdyWendy10,NO2,1g,18.566023088,1.97889,132.048,0,86.7599,87.4108,8488,96.89,1.03
2019,pomorskie,PL2201,Aglomeracja Trójmiejska,PmSopBitPl06,NO2,1g,12.589919882,2.00812,67.7027,0,55.0136,55.0971,8564,97.76,1.01
2019,pomorskie,PL2202,strefa pomorska,PmKosTargo12,NO2,1g,13.078508936,0.14172,93.6476,0,65.5124,65.8008,8658,98.83,1.01
2019,pomorskie,PL2202,strefa pomorska,PmLebaRabkaE,NO2,24g,4.853314917,0.7,23,,,,362,99.17,1
2019,pomorskie,PL2202,strefa pomorska,PmLebMalcz16,NO2,1g,10.221439193,0.13922,78.602,0,48.7165,49.3825,8174,93.31,1.13
2019,pomorskie,PL2202,strefa pomorska,PmMalMicki15,NO2,1g,13.527689586,0.12091,67.7988,0,55.2578,55.3975,8488,96.89,1.03
2019,pomorskie,PL2202,strefa pomorska,PmSlupKniazi,NO2,1g,10.692595097,0.22408,60.5465,0,52.8525,53.3673,7638,87.19,1.05
2019,śląskie,PL2401,Aglomeracja Górnośląska,SlDabro1000L,NO2,1g,23.382091984,1.34743,137.519,0,87.8902,87.9914,8733,99.69,1.01
2019,śląskie,PL2401,Aglomeracja Górnośląska,SlGliwicMewy,NO2,1g,20.583074351,1.5296,93.4474,0,76.4704,76.9357,8665,98.91,0.99
2019,śląskie,PL2401,Aglomeracja Górnośląska,SlKatoKossut,NO2,1g,28.009125329,2.25722,117.628,0,95.2877,95.3238,8703,99.34,1.01
2019,śląskie,PL2401,Aglomeracja Górnośląska,SlKatoPlebA4,NO2,1g,54.274498132,4.27385,159.912,0,139.954,140.217,8716,99.49,1.01
2019,śląskie,PL2401,Aglomeracja Górnośląska,SlSosnoLubel,NO2,1g,22.223998668,1.55987,84.7186,0,73.0288,73.1483,8749,99.87,1.01
2019,śląskie,PL2401,Aglomeracja Górnośląska,SlTychyTolst,NO2,1g,21.870354865,1.7994,96.9687,0,81.7784,82.7036,8748,99.86,1
2019,śląskie,PL2401,Aglomeracja Górnośląska,SlZabSkloCur,NO2,1g,21.923568326,0.57413,121.529,0,90.7194,90.8813,8708,99.4,1
2019,śląskie,PL2402,Aglomeracja Rybnicko-Jastrzębska,SlRybniBorki,NO2,1g,20.455114979,0.98585,89.8922,0,73.3701,74.079,8578,97.92,0.98
2019,śląskie,PL2403,miasto Bielsko-Biała,SlBielPartyz,NO2,1g,29.584491212,2.332,118.881,0,92.976,93.5724,8746,99.84,1.01
2019,śląskie,PL2404,miasto Częstochowa,SlCzestoArmK,NO2,1g,38.996248984,5.35094,203.439,1,124.653,124.94,8729,99.64,1
2019,śląskie,PL2404,miasto Częstochowa,SlCzestoBacz,NO2,1g,17.705374288,1.14189,104.227,0,82.1894,82.5256,8682,99.1,1.02
2019,śląskie,PL2405,strefa śląska,SlCiesMickie,NO2,1g,12.845307557,1.31238,73.9732,0,63.0668,63.7971,8748,99.86,1.01
2019,śląskie,PL2405,strefa śląska,SlUstronSana,NO2,1g,11.888264013,1.39293,90.7046,0,63.2782,64.5261,8695,99.25,1
2019,śląskie,PL2405,strefa śląska,SlWodzGalczy,NO2,1g,18.989954856,0.34628,88.6643,0,75.4858,75.9191,8581,97.95,1.03
2019,śląskie,PL2405,strefa śląska,SlZlotPotLes,NO2,1g,8.14181716,0.48331,75.9233,0,42.1332,42.4067,8599,98.16,1.04
2019,śląskie,PL2405,strefa śląska,SlZywieKoper,NO2,1g,15.435990171,1.09515,87.6705,0,66.6428,66.646,8644,98.67,1
2019,świętokrzyskie,PL2601,miasto Kielce,SkKielTargow,NO2,1g,21.025873912,0,109.1,0,79.7,79.8,8642,98.65,1
2019,świętokrzyskie,PL2602,strefa świętokrzyska,SkMaloSlonec,NO2,1g,11.818160181,0.5,87,0,48.7,48.9,8403,95.92,1.02
2019,świętokrzyskie,PL2602,strefa świętokrzyska,SkNowiParkow,NO2,1g,17.372802332,0,92,0,73,74,8575,97.88,1
2019,warmińsko-mazurskie,PL2801,miasto Olsztyn,WmOlsPuszkin,NO2,1g,12.695178603,0,84.18,0,57.8699,58.3479,8616,98.35,1.03
2019,warmińsko-mazurskie,PL2802,miasto Elbląg,WmElbBazynsk,NO2,1g,12.081878648,0,73.4208,0,51.0414,51.0631,8550,97.6,1.03
2019,warmińsko-mazurskie,PL2803,strefa warmińsko-mazurska,WmElkStadion,NO2,1g,9.99099956,0.4515,81.3832,0,61.4274,61.441,8744,99.81,1.01
2019,warmińsko-mazurskie,PL2803,strefa warmińsko-mazurska,WmGoldJacwie,NO2,1g,8.129869452,0.59325,63.2845,0,40.9726,41.356,8709,99.41,1
2019,warmińsko-mazurskie,PL2803,strefa warmińsko-mazurska,WmGoldUzdrowMOB,NO2,1g,4.517680873,0.00319,40.2078,0,22.4262,22.786,8091,92.36,1.12
2019,warmińsko-mazurskie,PL2803,strefa warmińsko-mazurska,WmOstrPilsud,NO2,1g,12.129315478,0.13065,109.25,0,62.8065,63.6361,8726,99.61,1.01
2019,warmińsko-mazurskie,PL2803,strefa warmińsko-mazurska,WmPuszczaBor,NO2,1g,4.179578547,0,26.8201,0,20.2225,20.28,8349,95.3,1.03
2019,wielkopolskie,PL3001,Aglomeracja Poznańska,WpPoznDabrow,NO2,1g,21.728571794,0.44613,144.689,0,104.781,106.138,8659,98.84,1.01
2019,wielkopolskie,PL3001,Aglomeracja Poznańska,WpPoznPolank,NO2,1g,24.76921579,2.21218,172.951,0,112.235,113.072,8673,99,1
2019,wielkopolskie,PL3001,Aglomeracja Poznańska,WpPoznRatajeMOB,NO2,1g,18.480017242,1.85039,101.192,0,78.8169,79.4951,7845,89.55,1.27
2019,wielkopolskie,PL3002,miasto Kalisz,WpKaliSawick,NO2,1g,12.298137487,1.1124,109.868,0,68.3063,70.3667,8436,96.3,0.96
2019,wielkopolskie,PL3003,strefa wielkopolska,WpBoroDrapal,NO2,1g,12.353563797,1.07533,72.8855,0,49.7477,49.7985,8655,98.8,1.01
2019,wielkopolskie,PL3003,strefa wielkopolska,WpKoniWyszyn,NO2,1g,12.409765638,-1.6127,96.029,0,58.0796,60.6856,8608,98.26,1
2019,wielkopolskie,PL3003,strefa wielkopolska,WpKozieosLes,NO2,1g,15.65035822,2.03932,69.8057,0,56.643,56.7824,8642,98.65,1
2019,wielkopolskie,PL3003,strefa wielkopolska,WpPiaskiKrzy,NO2,1g,8.935310278,-1.09054,61.0087,0,39.0982,39.1186,8629,98.5,1.01
2019,wielkopolskie,PL3003,strefa wielkopolska,WpPilaKusoci,NO2,1g,13.966785559,1.40346,83.62,0,62.2699,63.0993,8669,98.96,1
2019,zachodniopomorskie,PL3201,Aglomeracja Szczecińska,ZpSzczAndr01,NO2,1g,12.413158362,0.00584,85.1313,0,66.1956,66.2296,8732,99.68,1.01
2019,zachodniopomorskie,PL3201,Aglomeracja Szczecińska,ZpSzczBudzWosMOB,NO2,1g,9.474574604,-2.40434,74.4968,0,45.7228,47.0325,6692,76.39,1.34
2019,zachodniopomorskie,PL3201,Aglomeracja Szczecińska,ZpSzczPils02,NO2,1g,19.222639601,0.00053,103.734,0,71.5975,72.2359,8637,98.59,1.01
2019,zachodniopomorskie,PL3202,miasto Koszalin,ZpKoszArKraj,NO2,1g,22.17830404,1.03779,128.94,0,86.4675,86.5063,8664,98.9,1.01
2019,zachodniopomorskie,PL3202,miasto Koszalin,ZpKoszChopin,NO2,1g,12.459147579,1.56757,89.2872,0,56.8069,57.4749,8711,99.44,1
2019,zachodniopomorskie,PL3203,strefa zachodniopomorska,ZpSzczecPrze,NO2,1g,13.078086618,0,104.998,0,72.5574,74.4153,8579,97.93,1
2019,zachodniopomorskie,PL3203,strefa zachodniopomorska,ZpWiduBulRyb,NO2,1g,7.385085653,0.04196,67.6567,0,36.2048,36.9287,8572,97.85,0.99
2020,dolnośląskie,PL0201,Aglomeracja Wrocławska,DsWrocAlWisn,NO2,1g,40.058151102,2.05701,146.21,0,111.274,111.416,8714,99.2,1
2020,dolnośląskie,PL0201,Aglomeracja Wrocławska,DsWrocBartni,NO2,1g,12.7305142,0.53536,67.0278,0,53.9264,54.3125,8716,99.22,1
2020,dolnośląskie,PL0201,Aglomeracja Wrocławska,DsWrocWybCon,NO2,1g,20.037039217,1.7994,98.1833,0,71.7138,71.8609,8610,98.01,1.02
2020,dolnośląskie,PL0203,miasto Wałbrzych,DsWalbrzWyso,NO2,1g,11.504996962,0,73.5706,0,58.06,58.2475,8367,95.25,0.94
2020,dolnośląskie,PL0205,strefa dolnośląska_2,DsJelGorOgin,NO2,1g,9.763761782,0.27936,64.7313,0,46.3554,46.7973,8694,98.97,1
2020,dolnośląskie,PL0205,strefa dolnośląska_2,DsKlodzSzkol,NO2,1g,11.855981881,0.07914,76.0854,0,55.2281,55.6875,8659,98.57,0.99
2020,dolnośląskie,PL0205,strefa dolnośląska_2,DsLegAlRzecz,NO2,1g,17.585402468,1.16685,94.5112,0,69.4922,69.4985,8668,98.67,0.99
2020,dolnośląskie,PL0205,strefa dolnośląska_2,DsLubanMieszMOB,NO2,1g,10.498780845,0.57793,66.3021,0,46.5414,46.8189,8589,97.78,0.97
2020,dolnośląskie,PL0205,strefa dolnośląska_2,DsOlawZolnAK,NO2,1g,14.22070227,1.95183,89.965,0,54.4027,55.0794,8645,98.41,1.01
2020,dolnośląskie,PL0205,strefa dolnośląska_2,DsOsieczow21,NO2,1g,6.895214431,0,44.6479,0,31.0615,31.0976,8651,98.48,1
2020,dolnośląskie,PL0205,strefa dolnośląska_2,DsSniezkaObs,NO2,24g,3.529781421,0.7,9.5,,,,366,100,1
2020,kujawsko-pomorskie,PL0401,Aglomeracja Bydgoska,KpBydPlPozna,NO2,1g,22.639133042,0.6,127.1,0,85,85.8,8574,97.6,1
2020,kujawsko-pomorskie,PL0401,Aglomeracja Bydgoska,KpBydWarszaw,NO2,1g,17.93043025,0.4,92,0,72.7,72.7,8755,99.66,1
2020,kujawsko-pomorskie,PL0402,miasto Toruń,KpToruDziewu,NO2,1g,12.805249477,0.1,84.1,0,63.8,66.2,7560,86.06,0.87
2020,kujawsko-pomorskie,PL0402,miasto Toruń,KpToruKaszow,NO2,1g,16.205348213,0.1,107.7,0,84.5,85.4,8618,98.11,0.98
2020,kujawsko-pomorskie,PL0403,miasto Włocławek,KpWloclKalis,NO2,1g,11.163258686,0,108,0,79,79.9,8608,97.99,0.98
2020,kujawsko-pomorskie,PL0403,miasto Włocławek,KpWloclOkrze,NO2,1g,22.864268954,0.41940658,124.9593424,0,83.4,84.1,8535,97.16,1.04
2020,kujawsko-pomorskie,PL0404,strefa kujawsko - pomorska,KpChelmLunawMOB,NO2,1g,9.503258584,0,85.7,0,54,55.4,8562,97.47,1.04
2020,kujawsko-pomorskie,PL0404,strefa kujawsko - pomorska,KpCiechTezni,NO2,1g,8.977938395,0,56.2,0,46.89935846,46.92052927,8741,99.51,1.01
2020,kujawsko-pomorskie,PL0404,strefa kujawsko - pomorska,KpGrudPilsud,NO2,1g,15.219168178,0.1,84.7,0,61.2,63.3,7139,81.27,0.63
2020,kujawsko-pomorskie,PL0404,strefa kujawsko - pomorska,KpInowSolank,NO2,1g,8.672732201,0.4,77.2,0,43.9,43.9,8759,99.71,1
2020,kujawsko-pomorskie,PL0404,strefa kujawsko - pomorska,KpKoniczynka,NO2,1g,7.467842953,0.6,50.7,0,38.2,38.2,8771,99.85,1
2020,kujawsko-pomorskie,PL0404,strefa kujawsko - pomorska,KpZielBoryTu,NO2,1g,4.757038923,0.28636728,27.39887731,0,22.13977546,22.33977546,8584,97.72,1.01
2020,lubelskie,PL0601,Aglomeracja Lubelska,LbLubObywate,NO2,1g,17.197243824,1.1,186.2,0,86.7,88.7,8744,99.54,1
2020,lubelskie,PL0602,strefa lubelska,LbBiaPodOrze,NO2,1g,13.197566311,2.18993347,116.6,0,67,67.7,8476,96.49,1.01
2020,lubelskie,PL0602,strefa lubelska,LbFlorianRPN,NO2,1g,5.544369099,0.61216,32.59752,0,26.3,26.5,8541,97.23,1.01
2020,lubelskie,PL0602,strefa lubelska,LbJarczWolaM,NO2,24g,7.218926554,2,22.3,,,,354,96.72,0.96
2020,lubelskie,PL0602,strefa lubelska,LbKrasnobrod,NO2,1g,3.494021936,0,36.5,0,28,28.2,8297,94.45,1.08
2020,lubelskie,PL0602,strefa lubelska,LbPulaKarpin,NO2,1g,12.481979639,0.2,76.3,0,53.3,54.8,8664,98.63,1.02
2020,lubelskie,PL0602,strefa lubelska,LbZamoHrubie,NO2,1g,11.897003525,0.8,67.8,0,51.8,52.8,8510,96.88,0.95
2020,lubuskie,PL0801,miasto Gorzów Wielkopolski,LuGorzKosGdy,NO2,1g,15.658440122,0,145.887,0,80.8803,81.89,8350,95.05,0.92
2020,lubuskie,PL0802,miasto Zielona Góra,LuZielKrotka,NO2,1g,12.786592791,0.00744,99.2498,0,60.7549,60.9216,8279,94.25,0.92
2020,lubuskie,PL0803,strefa lubuska,LuSmolBytnic,NO2,1g,4.755927462,0,37.1479,0,26.7135,26.8851,8740,99.49,1.01
2020,lubuskie,PL0803,strefa lubuska,LuSulecDudka,NO2,1g,9.15046678,1.20297,51.0754,0,32.5173,32.8322,8010,91.18,0.85
2020,lubuskie,PL0803,strefa lubuska,LuSwiebodMOB,NO2,1g,5.191689141,0.14389,39.8375,0,26.7981,27.1272,8549,97.32,1.06
2020,lubuskie,PL0803,strefa lubuska,LuWsKaziWiel,NO2,1g,16.174270112,0,78.5,0,53.3,54.2,7827,89.1,0.81
2020,lubuskie,PL0803,strefa lubuska,LuZarySzyman,NO2,1g,14.033567964,2.25417,86.5446,0,65.3316,65.8944,8675,98.75,1
2020,łódzkie,PL1001,Aglomeracja Łódzka,LdLodzGdansk,NO2,1g,19.34859877,2.5,114.9,0,82.4,82.4,8778,99.93,1
2020,łódzkie,PL1001,Aglomeracja Łódzka,LdLodzJanPaw,NO2,1g,26.794072702,1.4,140.4,0,111.8,112.3,8638,98.33,1.01
2020,łódzkie,PL1001,Aglomeracja Łódzka,LdPabiKonsta,NO2,1g,16.122520612,1.1,89.8,0,67.8,67.8,8490,96.65,1.07
2020,łódzkie,PL1001,Aglomeracja Łódzka,LdZgieMielcz,NO2,1g,15.704208092,2.1,106.8,0,63.2,64.5,8650,98.47,1.02
2020,łódzkie,PL1002,strefa łódzka,LdGajewUjWod,NO2,1g,8.963874873,1,38,0,33.05907928,33.1,8285,94.31,0.95
2020,łódzkie,PL1002,strefa łódzka,LdKutn1Maja7MOB,NO2,1g,14.656204039,1.1,96.9,0,69.8,69.9,8567,97.52,1.01
2020,łódzkie,PL1002,strefa łódzka,LdParzniUjWo,NO2,1g,9.097397812,0.9,55.7,0,39.3,40.3,8685,98.87,0.99
2020,łódzkie,PL1002,strefa łódzka,LdPioTrKraPr,NO2,1g,18.611368348,1.7,95.5,0,78.6,79.1,8682,98.83,1.01
2020,łódzkie,PL1002,strefa łódzka,LdRadomsRoln,NO2,1g,17.957201599,1.8,95.1,0,75.2,75.2,8755,99.66,1
2020,małopolskie,PL1201,Aglomeracja Krakowska,MpKrakAlKras,NO2,1g,48.878054101,4.10655,143.847,0,123.33,123.423,8671,98.71,0.99
2020,małopolskie,PL1201,Aglomeracja Krakowska,MpKrakBujaka,NO2,1g,28.710106395,2.10267,118.294,0,105.646,105.65,8614,98.06,1.01
2020,małopolskie,PL1201,Aglomeracja Krakowska,MpKrakBulwar,NO2,1g,22.905535595,1.61564,92.5068,0,80.2599,80.8128,8502,96.78,0.96
2020,małopolskie,PL1201,Aglomeracja Krakowska,MpKrakDietla,NO2,1g,30.815421559,3.72309,126.709,0,95.1889,96.3202,8681,98.82,0.98
2020,małopolskie,PL1202,miasto Tarnów,MpTarBitStud,NO2,1g,18.714130971,1.20934,121.578,0,82.2797,82.2893,8633,98.28,0.99
2020,małopolskie,PL1202,miasto Tarnów,MpTarRoSitko,NO2,1g,22.76914342,1.16045,196.676,0,103.679,104.067,8667,98.66,0.99
2020,małopolskie,PL1203,strefa małopolska,MpKaszowLisz,NO2,1g,14.000104827,1,101.131,0,62.1704,62.1704,8751,99.62,1
2020,małopolskie,PL1203,strefa małopolska,MpNoSaczNadb,NO2,1g,15.866018647,0.96609,114.744,0,84.0215,84.5184,8568,97.54,0.96
2020,małopolskie,PL1203,strefa małopolska,MpSkawOsOgro,NO2,1g,16.396853956,1,82.9951,0,57.9756,58.6081,8658,98.56,1
2020,małopolskie,PL1203,strefa małopolska,MpSzarowSpok,NO2,1g,14.536192051,1,82.657,0,60.8537,61.0009,8648,98.45,0.98
2020,małopolskie,PL1203,strefa małopolska,MpSzymbaGorl,NO2,1g,3.323094018,1,26.5,0,19.6,19.8,8695,98.98,1
2020,małopolskie,PL1203,strefa małopolska,MpTrzebOsZWM,NO2,1g,14.882373961,0.97947,72.0906,0,58.3233,58.9981,8694,98.97,1
2020,małopolskie,PL1203,strefa małopolska,MpZakopaSien,NO2,1g,16.329197425,1,147.108,0,106.069,106.183,8632,98.26,1
2020,mazowieckie,PL1401,Aglomeracja Warszawska,MzWarAlNiepo,NO2,1g,37.172338673,3.22,151.82,0,117.72,118.02,8740,99.49,1.01
2020,mazowieckie,PL1401,Aglomeracja Warszawska,MzWarChrosci,NO2,1g,20.889140652,2.33,103.66,0,86.36,86.91,8681,98.82,0.99
2020,mazowieckie,PL1401,Aglomeracja Warszawska,MzWarKondrat,NO2,1g,23.607461477,1.8,135.3,0,97.5,97.5,8761,99.73,1
2020,mazowieckie,PL1401,Aglomeracja Warszawska,MzWarWokalna,NO2,1g,17.626493339,0.63685286,129.96307902,0,87.16461172,88.41519074,8177,93.08,0.88
2020,mazowieckie,PL1402,miasto Płock,MzPlocKroJad,NO2,1g,12.699957597,0.29,83.1,0,56.6,57.3,8372,95.3,0.97
2020,mazowieckie,PL1402,miasto Płock,MzPlocMiReja,NO2,1g,12.60659427,0.66,98.66,0,65.25,66.23,8656,98.54,1
2020,mazowieckie,PL1403,miasto Radom,MzRadTochter,NO2,1g,21.548295251,2.77,123.36,0,98.06,98.56,8657,98.55,0.99
2020,mazowieckie,PL1404,strefa mazowiecka,MzBelsIGFPAN,NO2,1g,9.648683901,2.2,63.7,0,33.2,33.7,8510,96.88,1.03
2020,mazowieckie,PL1404,strefa mazowiecka,MzGranicaKPN,NO2,1g,7.228030621,0,37.7,0,32.9,33,8099,92.2,0.99
2020,mazowieckie,PL1404,strefa mazowiecka,MzGutyDuCzer,NO2,1g,5.412032734,0,45.97,0,31,31.3,8737,99.46,0.99
2020,mazowieckie,PL1404,strefa mazowiecka,MzLegZegrzyn,NO2,1g,16.024528265,2,79.11,0,66.68,66.68,8774,99.88,1
2020,mazowieckie,PL1404,strefa mazowiecka,MzOtwoBrzozo,NO2,1g,15.751968135,1.99,110.72,0,76.92,77.32,8536,97.17,0.98
2020,mazowieckie,PL1404,strefa mazowiecka,MzPiasPulask,NO2,1g,21.083705614,4.6,110.8,0,78.1,78.5,8533,97.14,1.05
2020,opolskie,PL1601,miasto Opole,OpOpoleOsAKr,NO2,1g,13.897800963,0.26766,78.2794,0,55.6007,56.3621,8704,99.08,1.02
2020,opolskie,PL1602,strefa opolska,OpKKozBSmial,NO2,1g,12.208672615,0.15402,66.3368,0,50.8608,51.0562,8577,97.64,0.99
2020,opolskie,PL1602,strefa opolska,OpOlesSlowac,NO2,1g,15.30559873,2.73208,89.9786,0,62.2116,62.259,8698,99.02,1.02
2020,opolskie,PL1602,strefa opolska,OpStrzOpWysz,NO2,1g,13.680888971,0,80.2276,0,59.8557,60.6025,8243,93.84,1.14
2020,podkarpackie,PL1801,miasto Rzeszów,PkRzeszPilsu,NO2,1g,26.628425086,0.45629,127.619,0,97.7611,97.7611,8769,99.82,1
2020,podkarpackie,PL1801,miasto Rzeszów,PkRzeszRejta,NO2,1g,12.263336763,0.00973,101.509,0,70.0642,70.6942,8697,99,1
2020,podkarpackie,PL1802,strefa podkarpacka,PkJasloSikor,NO2,1g,10.362961369,0.71162,49.9858,0,41.7938,41.7938,8757,99.69,1
2020,podkarpackie,PL1802,strefa podkarpacka,PkKrempnaMPN,NO2,1g,4.675815743,0.69364,37.6914,0,21.2413,21.2901,8515,96.93,0.98
2020,podkarpackie,PL1802,strefa podkarpacka,PkMielBierna,NO2,1g,11.900701631,0.42988,85.4935,0,60.693,62.1783,8726,99.33,1
2020,podkarpackie,PL1802,strefa podkarpacka,PkNiskoSzkla,NO2,1g,10.01635957,0.08512,67.8771,0,51.539,51.6171,8705,99.1,1
2020,podkarpackie,PL1802,strefa podkarpacka,PkPrzemGrunw,NO2,1g,11.216455091,0.16181,83.577,0,63.9922,63.9922,8761,99.73,1
2020,podlaskie,PL2001,Aglomeracja Białostocka,PdBialWaszyn,NO2,1g,11.91971268,0,112.5,0,71.4,72,8005,91.13,0.86
2020,podlaskie,PL2002,strefa podlaska,PdBorsukowiz,NO2,1g,3.53353931,0,33.8,0,16.4,16.5,8710,99.15,1.01
2020,podlaskie,PL2002,strefa podlaska,PdGrajewoWPoMOB,NO2,1g,9.830735661,0,96.7,0,59.5,60.7,8020,91.3,1.2
2020,podlaskie,PL2002,strefa podlaska,PdLomSikorsk,NO2,1g,12.84272706,0.6,101.8,0,72.9,73.4,8566,97.51,0.97
2020,pomorskie,PL2201,Aglomeracja Trójmiejska,PmGdaLeczk08,NO2,1g,14.053782604,1.99966,102.253,0,74.8209,74.8745,8386,95.46,1.02
2020,pomorskie,PL2201,Aglomeracja Trójmiejska,PmGdaPoWie01,NO2,1g,16.439454071,1.98483,97.2394,0,77.4508,78.1339,8247,93.88,1.08
2020,pomorskie,PL2201,Aglomeracja Trójmiejska,PmGdaWyzwo03,NO2,1g,14.158993377,1.92278,99.7223,0,71.8263,74.51,8460,96.31,1.02
2020,pomorskie,PL2201,Aglomeracja Trójmiejska,PmGdyPoreb04,NO2,1g,8.824168289,1.88324,112.704,0,65.7065,67.9322,7412,84.38,1.06
2020,pomorskie,PL2201,Aglomeracja Trójmiejska,PmGdySzaf09N,NO2,1g,12.080515748,1.95923,100.761,0,69.9377,70.2225,8407,95.7,1.02
2020,pomorskie,PL2201,Aglomeracja Trójmiejska,PmSopBitPl06,NO2,1g,10.312243684,2.00387,76.3388,0,55.5854,55.6401,8415,95.79,1
2020,pomorskie,PL2202,strefa pomorska,PmChojnMOB,NO2,1g,10.81420752,0.22478,70.3458,0,48.5838,50.2651,6779,77.17,1.84
2020,pomorskie,PL2202,strefa pomorska,PmKosTargo12,NO2,1g,13.900379821,0.73242,132.467,0,73.0939,73.7139,8552,97.35,1.01
2020,pomorskie,PL2202,strefa pomorska,PmLebaRabkaE,NO2,24g,4.390934066,0.7,18.4,,,,364,99.45,0.99
2020,pomorskie,PL2202,strefa pomorska,PmLinieKos17,NO2,1g,5.467406653,0.11714,51.0669,0,27.0883,27.2289,8674,98.74,1
2020,pomorskie,PL2202,strefa pomorska,PmMalMicki15,NO2,1g,12.2346868,0.23406,72.9657,0,48.4516,49.0018,8498,96.74,1.02
2020,śląskie,PL2401,Aglomeracja Górnośląska,SlDabro1000L,NO2,1g,21.96343758,0.90151,103.363,0,79.1361,79.2987,8728,99.36,0.99
2020,śląskie,PL2401,Aglomeracja Górnośląska,SlKatoKossut,NO2,1g,23.531409944,2.02513,107.807,0,88.9409,89.2304,8611,98.03,1.04
2020,śląskie,PL2401,Aglomeracja Górnośląska,SlKatoPlebA4,NO2,1g,46.633809932,3.63121,157.173,0,123.455,123.688,8709,99.14,0.99
2020,śląskie,PL2401,Aglomeracja Górnośląska,SlSosnoLubel,NO2,1g,21.034095837,2.42771,92.4542,0,71.1052,71.1052,8772,99.86,1
2020,śląskie,PL2401,Aglomeracja Górnośląska,SlTychyTolst,NO2,1g,20.054868458,2.2875,86.9578,0,74.3911,74.4336,8678,98.79,1.02
2020,śląskie,PL2401,Aglomeracja Górnośląska,SlZabSkloCur,NO2,1g,18.781930687,0.72661,95.434,0,76.3357,76.3357,8766,99.79,1
2020,śląskie,PL2402,Aglomeracja Rybnicko-Jastrzębska,SlRybniBorki,NO2,1g,19.251030359,3.53179,88.3786,0,69.6236,70.2275,8679,98.8,0.98
2020,śląskie,PL2403,miasto Bielsko-Biała,SlBielPartyz,NO2,1g,25.942188556,1.43454,100.828,0,83.2907,83.5151,8739,99.48,1
2020,śląskie,PL2404,miasto Częstochowa,SlCzestoArmK,NO2,1g,32.381056755,3.16117,139.115,0,109.062,109.349,8749,99.6,1.01
2020,śląskie,PL2404,miasto Częstochowa,SlCzestoBacz,NO2,1g,16.378985039,1.38966,88.1825,0,72.8143,72.8143,8763,99.76,1
2020,śląskie,PL2405,strefa śląska,SlGoczaUzdroMOB,NO2,1g,14.592730286,1.19231,65.1093,0,54.2546,54.4893,8660,98.58,0.98
2020,śląskie,PL2405,strefa śląska,SlRaciborzWPMOB,NO2,1g,17.557269058,2.01982,94.5388,0,71.7722,72.4673,8725,99.32,0.99
2020,śląskie,PL2405,strefa śląska,SlUstronSana,NO2,1g,10.293353522,1.00194,60.9078,0,47.4376,47.9715,8705,99.1,0.99
2020,śląskie,PL2405,strefa śląska,SlWodzGalczy,NO2,1g,17.530727509,1.82862,85.5307,0,68.218,68.218,8763,99.76,1
2020,śląskie,PL2405,strefa śląska,SlZlotPotLes,NO2,1g,7.706847093,0.3739,46.3479,0,38.6256,38.6256,8759,99.71,1
2020,śląskie,PL2405,strefa śląska,SlZywieKoper,NO2,1g,14.378870485,0.92307,82.4014,0,64.4259,65.4961,8739,99.48,0.99
2020,świętokrzyskie,PL2601,miasto Kielce,SkKielTargow,NO2,1g,24.470838144,1.3,151.2,0,106.8,106.8,8662,98.61,0.98
2020,świętokrzyskie,PL2602,strefa świętokrzyska,SkGoluUjWody,NO2,1g,8.144510242,0,58.5,0,37.4,38,8055,91.7,0.88
2020,świętokrzyskie,PL2602,strefa świętokrzyska,SkMaloSlonec,NO2,1g,10.499914378,0,81.5,0,46.9,47.7,8198,93.32,0.87
2020,świętokrzyskie,PL2602,strefa świętokrzyska,SkNowiParkow,NO2,1g,15.220700673,0,84,0,71,71,8763,99.76,1
2020,świętokrzyskie,PL2602,strefa świętokrzyska,SkPolaRuszcz,NO2,1g,12.892824638,0,136.7,0,84.9,85.4,8702,99.06,0.99
2020,świętokrzyskie,PL2602,strefa świętokrzyska,SkSwietKrzyz,NO2,1g,3.611318109,0,32.345,0,22.84,22.91,8167,92.97,1.13
2020,warmińsko-mazurskie,PL2801,miasto Olsztyn,WmOlsPuszkin,NO2,1g,11.470325911,0.16093,68.8819,0,58.5715,58.5715,8772,99.86,1
2020,warmińsko-mazurskie,PL2802,miasto Elbląg,WmElbBazynsk,NO2,1g,11.372102308,0.0154,74.4644,0,53.2619,54.4065,8543,97.25,0.96
2020,warmińsko-mazurskie,PL2803,strefa warmińsko-mazurska,WmBiskupMickMOB,NO2,1g,10.02712488,0.51836,105.347,0,57.7865,58.6453,8555,97.39,0.95
2020,warmińsko-mazurskie,PL2803,strefa warmińsko-mazurska,WmElkStadion,NO2,1g,9.346467164,0.87434,94.3159,0,60.9634,60.9634,8773,99.87,1
2020,warmińsko-mazurskie,PL2803,strefa warmińsko-mazurska,WmGoldJacwie,NO2,1g,7.300767194,0.50509,64.6155,0,43.1756,43.2372,8721,99.28,0.99
2020,warmińsko-mazurskie,PL2803,strefa warmińsko-mazurska,WmOstrPilsud,NO2,1g,11.879275137,0.57041,115.058,0,69.1947,70.3212,8705,99.1,1.02
2020,warmińsko-mazurskie,PL2803,strefa warmińsko-mazurska,WmPuszczaBor,NO2,1g,3.460241898,0.03462,23.27,0,18.3,18.5,8608,97.99,0.97
2020,wielkopolskie,PL3001,Aglomeracja Poznańska,WpPoznDabrow,NO2,1g,17.5465813,0.3909,133.777,0,98.9513,99.4134,8680,98.81,1
2020,wielkopolskie,PL3001,Aglomeracja Poznańska,WpPoznPolank,NO2,1g,18.871996466,1.70297,104.576,0,78.1394,78.5976,8691,98.94,1
2020,wielkopolskie,PL3001,Aglomeracja Poznańska,WpPoznRatajeMOB,NO2,1g,15.608125326,1.37983,82.5256,0,62.2075,62.2075,8767,99.8,1
2020,wielkopolskie,PL3002,miasto Kalisz,WpKaliSawick,NO2,1g,15.618733931,2.47136,106.745,0,65.1146,65.5309,8521,97,0.97
2020,wielkopolskie,PL3003,strefa wielkopolska,WpBoroDrapal,NO2,1g,11.746146005,1.19383,68.2636,0,49.8226,49.9801,8688,98.9,1
2020,wielkopolskie,PL3003,strefa wielkopolska,WpKoniWyszyn,NO2,1g,12.705486427,2,74.2758,0,48.5118,49.8106,7745,88.17,0.8
2020,wielkopolskie,PL3003,strefa wielkopolska,WpKozieosLes,NO2,1g,14.412325538,1.97651,67.2663,0,51.8982,53.0974,8561,97.46,0.98
2020,wielkopolskie,PL3003,strefa wielkopolska,WpPiaskiKrzy,NO2,1g,8.233664288,0.08093,47.8897,0,30.5649,30.6468,8639,98.34,1
2020,wielkopolskie,PL3003,strefa wielkopolska,WpPilaKusoci,NO2,1g,12.46266658,0.29543,91.571,0,63.958,64.5153,8698,99.02,0.99
2020,zachodniopomorskie,PL3201,Aglomeracja Szczecińska,ZpSzczAndr01,NO2,1g,12.735325087,0.0154,107.339,0,74.3672,74.3672,8783,99.98,1
2020,zachodniopomorskie,PL3201,Aglomeracja Szczecińska,ZpSzczPils02,NO2,1g,21.627967525,0.06904,156.026,0,95.7152,96.2745,8666,98.65,1
2020,zachodniopomorskie,PL3202,miasto Koszalin,ZpKoszArKraj,NO2,1g,19.688338701,1.21943,107.119,0,82.1889,82.4816,8642,98.38,1
2020,zachodniopomorskie,PL3202,miasto Koszalin,ZpKoszChopin,NO2,1g,10.92617609,1.29522,68.7792,0,49.7471,51.1028,8742,99.52,1.01
2020,zachodniopomorskie,PL3203,strefa zachodniopomorska,ZpPolczSolanMOB,NO2,1g,2.754794235,0,20.9975,0,16.3439,16.5733,8550,97.33,1.05
2020,zachodniopomorskie,PL3203,strefa zachodniopomorska,ZpSzczecPrze,NO2,1g,11.137095331,0,112.797,0,71.896,73.6644,8613,98.05,1.01
2020,zachodniopomorskie,PL3203,strefa zachodniopomorska,ZpWiduBulRyb,NO2,1g,6.492850619,0.00478,66.5764,0,31.9092,31.9235,8472,96.44,1.02
2021,dolnośląskie,PL0201,Aglomeracja Wrocławska,DsWrocAlWisn,NO2,1g,46.91563451,2.15737,176.097,0,137.648,138.196,8618,98.37,1.02
2021,dolnośląskie,PL0201,Aglomeracja Wrocławska,DsWrocBartni,NO2,1g,13.396651056,0,85.0203,0,62.8549,62.9537,8646,98.69,1
2021,dolnośląskie,PL0201,Aglomeracja Wrocławska,DsWrocWybCon,NO2,1g,19.71661969,0,130.626,0,86.4729,86.6679,8605,98.23,1.02
2021,dolnośląskie,PL0202,miasto Legnica,DsLegAlRzecz,NO2,1g,17.988705362,1.80578,107.096,0,75.8204,76.1353,8694,99.24,1.01
2021,dolnośląskie,PL0203,miasto Wałbrzych,DsWalbrzWyso,NO2,1g,13.038805962,0,105.35,0,74.8081,75.2707,8687,99.16,1
2021,dolnośląskie,PL0204,strefa dolnośląska,DsCzerStraza,NO2,1g,4.644290385,0,44.3382,0,24.8194,25.2798,8574,97.87,0.99
2021,dolnośląskie,PL0204,strefa dolnośląska,DsJelGorOgin,NO2,1g,10.293832927,0.0871,69.0073,0,53.3963,54.0305,8668,98.94,1
2021,dolnośląskie,PL0204,strefa dolnośląska,DsKlodzSzkol,NO2,1g,13.398711357,0,90.1274,0,67.0953,68.6743,8643,98.66,1
2021,dolnośląskie,PL0204,strefa dolnośląska,DsOlawZolnAK,NO2,1g,14.255766183,1.17985,75.0757,0,57.8204,57.851,8688,99.17,1.01
2021,dolnośląskie,PL0204,strefa dolnośląska,DsOsieczow21,NO2,1g,6.997821306,0.3585,52.179,0,40.707,40.9465,8586,98.01,1
2021,dolnośląskie,PL0204,strefa dolnośląska,DsTrzebniMaj,NO2,1g,12.989286274,1.77601,67.4537,0,53.1173,53.7933,8615,98.34,0.99
2021,kujawsko-pomorskie,PL0401,Aglomeracja Bydgoska,KpBydPlPozna,NO2,1g,24.988898431,2.90569367,142.8773055,0,91.69125902,92.45565357,8560,97.71,0.97
2021,kujawsko-pomorskie,PL0401,Aglomeracja Bydgoska,KpBydWarszaw,NO2,1g,17.902245056,0.43977546,90.88251804,0,70.06046512,70.62221331,8684,99.13,0.99
2021,kujawsko-pomorskie,PL0402,miasto Toruń,KpToruDziewu,NO2,1g,14.347067749,0.1,93.0627907,0,68.6297514,68.86503609,8639,98.61,1.03
2021,kujawsko-pomorskie,PL0402,miasto Toruń,KpToruKaszow,NO2,1g,17.905686933,0.24659182,127.2,0,83,83.6,8649,98.73,0.99
2021,kujawsko-pomorskie,PL0403,miasto Włocławek,KpWloclKalis,NO2,1g,14.541650335,0.10569367,122.5869286,0,91.4287089,91.4287089,8752,99.9,1.01
2021,kujawsko-pomorskie,PL0403,miasto Włocławek,KpWloclOkrze,NO2,1g,24.623568864,1.56142743,110.1,0,81.3,81.6,8715,99.48,1.01
2021,kujawsko-pomorskie,PL0404,strefa kujawsko - pomorska,KpCiechTezni,NO2,1g,10.569490438,0.4,69.3,0,53.1,54.6,7242,82.67,1.03
2021,kujawsko-pomorskie,PL0404,strefa kujawsko - pomorska,KpGrudPilsud,NO2,1g,15.600067759,0.3,76,0,62.12742582,62.42510024,8442,96.36,0.94
2021,kujawsko-pomorskie,PL0404,strefa kujawsko - pomorska,KpInowSolank,NO2,1g,12.550204436,0.09206095,80.6,0,70.43761026,70.53560545,8617,98.36,1.04
2021,kujawsko-pomorskie,PL0404,strefa kujawsko - pomorska,KpKoniczynka,NO2,1g,9.097165995,0.5,69.56728148,0,47.8,48.55469126,7405,84.53,0.75
2021,kujawsko-pomorskie,PL0404,strefa kujawsko - pomorska,KpNaklWawrzy,NO2,1g,14.11665674,0,96.67393745,0,73.3063352,73.60946271,8517,97.22,0.96
2021,kujawsko-pomorskie,PL0404,strefa kujawsko - pomorska,KpSolecRowecMOB,NO2,1g,11.730157012,0.6,68.2,0,54.3,54.3,8629,98.5,1.02
2021,kujawsko-pomorskie,PL0404,strefa kujawsko - pomorska,KpZielBoryTu,NO2,1g,4.632774782,0,41.31251002,0,31.48636728,31.5329591,8367,95.51,0.93
2021,lubelskie,PL0601,Aglomeracja Lubelska,LbLubObywate,NO2,1g,16.96502193,1,92,0,72.4,73.9,8208,93.69,1.14
2021,lubelskie,PL0602,strefa lubelska,LbBiaPodOrze,NO2,1g,13.658348512,1,99.3,0,72.1,72.8,8235,94,1.05
2021,lubelskie,PL0602,strefa lubelska,LbFlorianRPN,NO2,1g,5.105787301,0.13391,38.31739,0,24.16119,24.37162,8623,98.43,1
2021,lubelskie,PL0602,strefa lubelska,LbJarczWolaM,NO2,24g,7.784444444,0.7,25.6,,,,360,98.63,1.01
2021,lubelskie,PL0602,strefa lubelska,LbPulaKarpin,NO2,1g,11.716624569,0.2,110.6,0,58.7,58.8,8710,99.42,1
2021,lubelskie,PL0602,strefa lubelska,LbZamoHrubie,NO2,1g,12.647954501,0.286,101.2,0,62.4,63,8198,93.58,1.13
2021,lubuskie,PL0801,miasto Gorzów Wielkopolski,LuGorzKosGdy,NO2,1g,17.239124632,1.12787,88.6653,0,74.303,75.1836,8405,95.94,1.07
2021,lubuskie,PL0802,miasto Zielona Góra,LuZielKrotka,NO2,1g,14.247170233,0.8,108.403,0,80.0098,81.7199,8656,98.81,1
2021,lubuskie,PL0803,strefa lubuska,LuGubinAnderMOB,NO2,1g,6.809295859,0.0547,56.6961,0,36.7442,37.2739,8551,97.61,1.02
2021,lubuskie,PL0803,strefa lubuska,LuSmolBytnic,NO2,1g,4.262097926,0.08174,26.6304,0,21.2992,21.5862,8454,96.5,1.07
2021,lubuskie,PL0803,strefa lubuska,LuSulecDudka,NO2,1g,7.822864549,0.2,54.3428,0,31.5,32,8608,98.26,1
2021,lubuskie,PL0803,strefa lubuska,LuWsKaziWiel,NO2,1g,17.933766772,1.6,86.6,0,62.1,62.2,8640,98.63,1.01
2021,lubuskie,PL0803,strefa lubuska,LuZarySzyman,NO2,1g,15.014836939,1.98836,101.195,0,74.6346,76.2036,8582,97.96,0.99
2021,łódzkie,PL1001,Aglomeracja Łódzka,LdLodzGdansk,NO2,1g,21.227178139,2.6,111.3,0,82.4,86.2,8746,99.84,1.01
2021,łódzkie,PL1001,Aglomeracja Łódzka,LdLodzJanPaw,NO2,1g,28.390387704,1.3,137.1,0,115.2,115.8,8718,99.52,1
2021,łódzkie,PL1001,Aglomeracja Łódzka,LdPabiKonsta,NO2,1g,17.683013241,0.6,88,0,69.5,69.7,8383,95.69,1.02
2021,łódzkie,PL1001,Aglomeracja Łódzka,LdZgieMielcz,NO2,1g,16.604301449,1.3,94.6,0,66.4,66.8,8625,98.45,0.99
2021,łódzkie,PL1002,strefa łódzka,LdGajewUjWod,NO2,1g,9.435221011,0.8,80.1,0,49.5,49.7,8529,97.36,0.97
2021,łódzkie,PL1002,strefa łódzka,LdKutn1Maja7MOB,NO2,1g,16.505628561,1.6,108.7,0,70.6,71.4,8599,98.16,1
2021,łódzkie,PL1002,strefa łódzka,LdLaskNarutoMOB,NO2,1g,15.109420876,0.5,99.1,0,71.6,71.7,8651,98.75,1.01
2021,łódzkie,PL1002,strefa łódzka,LdParzniUjWo,NO2,1g,10.175988169,1.1,63.5,0,53.1,53.2,8576,97.89,1.02
2021,łódzkie,PL1002,strefa łódzka,LdPioTrKraPr,NO2,1g,20.105284553,1.9,113.8,0,86.7,88.4,8610,98.28,1
2021,łódzkie,PL1002,strefa łódzka,LdRadomsRoln,NO2,1g,18.71936088,1.3,103.5,0,80.7,82.7,8543,97.52,1.03
2021,małopolskie,PL1201,Aglomeracja Krakowska,MpKrakAlKras,NO2,1g,50.018823361,5.22985,179.892,0,133.684,134.857,8689,99.18,1
2021,małopolskie,PL1201,Aglomeracja Krakowska,MpKrakBujaka,NO2,1g,28.959603246,1.44728,156.489,0,107.445,108.114,8648,98.72,1.01
2021,małopolskie,PL1201,Aglomeracja Krakowska,MpKrakBulwar,NO2,1g,22.983384089,1.99167,124.575,0,84.7043,85.4452,8662,98.88,1
2021,małopolskie,PL1201,Aglomeracja Krakowska,MpKrakDietla,NO2,1g,33.064551233,3.6806,201.812,1,124.188,124.188,8754,99.93,1.01
2021,małopolskie,PL1202,miasto Tarnów,MpTarBitStud,NO2,1g,18.532832693,0.71063,88.9634,0,80.1108,81.461,8662,98.88,1.01
2021,małopolskie,PL1202,miasto Tarnów,MpTarRoSitko,NO2,1g,26.877081766,1.15631,135.213,0,96.2317,96.8289,8449,96.44,1.03
2021,małopolskie,PL1203,strefa małopolska,MpKaszowLisz,NO2,1g,16.42422512,0.97939,90.8025,0,79.0157,79.436,8692,99.22,1
2021,małopolskie,PL1203,strefa małopolska,MpNoSaczNadb,NO2,1g,16.080288304,1.88704,118.742,0,68.4974,69.1374,8609,98.27,0.99
2021,małopolskie,PL1203,strefa małopolska,MpSkawOsOgro,NO2,1g,18.007445895,1.43045,92.3593,0,67.9354,68.0061,8556,97.67,1.02
2021,małopolskie,PL1203,strefa małopolska,MpSzarowSpok,NO2,1g,15.601025565,0.71966,82.4481,0,67.0704,67.5209,8730,99.65,1
2021,małopolskie,PL1203,strefa małopolska,MpSzymbaGorl,NO2,1g,5.102792075,0.16001,48.0889,0,32.5916,33,8568,97.8,1
2021,małopolskie,PL1203,strefa małopolska,MpTrzebOsZWM,NO2,1g,16.926801895,1.35393,94.8062,0,65.7968,66.0576,8677,99.05,1
2021,małopolskie,PL1203,strefa małopolska,MpZakopaSien,NO2,1g,16.966182064,0.717,137.87,0,85.6459,86.3507,8654,98.78,1.01
2021,mazowieckie,PL1401,Aglomeracja Warszawska,MzWarAlNiepo,NO2,1g,42.929099028,2.660064,147.014,0,119.6536,120.693,8671,98.98,1.02
2021,mazowieckie,PL1401,Aglomeracja Warszawska,MzWarChrosci,NO2,1g,21.058304914,0.81347233,121.9523657,0,87.81451484,87.95557338,8639,98.61,1.01
2021,mazowieckie,PL1401,Aglomeracja Warszawska,MzWarKondrat,NO2,1g,20.06072291,0.02670409,109.0152366,0,84.79815557,85.16142743,8725,99.6,1.01
2021,mazowieckie,PL1401,Aglomeracja Warszawska,MzWarWokalna,NO2,1g,18.848763817,0.54001604,110.4376905,0,84.13416199,84.53448276,8712,99.45,1.01
2021,mazowieckie,PL1402,miasto Płock,MzPlocKroJad,NO2,1g,12.940119935,1.3,91.6,0,56.37,56.4,8588,98.03,1
2021,mazowieckie,PL1402,miasto Płock,MzPlocMiReja,NO2,1g,14.033863137,0.24667201,103.9295108,0,60.3947073,61.32036889,8634,98.56,1.03
2021,mazowieckie,PL1403,miasto Radom,MzRadTochter,NO2,1g,17.873387801,0.13336006,101.025421,0,80.95356856,81.76896552,8172,93.28,1.12
2021,mazowieckie,PL1404,strefa mazowiecka,MzBelsIGFPAN,NO2,1g,9.369048143,0.1,54.9,0,45,45.3,8537,97.45,1.03
2021,mazowieckie,PL1404,strefa mazowiecka,MzGranicaKPN,NO2,1g,7.024862005,0.00016039,53.56680032,0,44.81339214,45.16150762,8198,93.58,0.98
2021,mazowieckie,PL1404,strefa mazowiecka,MzGutyDuCzer,NO2,1g,5.835499858,0.02670409,55.67361668,0,38.10064154,38.28107458,8695,99.25,1
2021,mazowieckie,PL1404,strefa mazowiecka,MzLegZegrzyn,NO2,1g,14.170347788,0.04001604,89.88035285,0,61.50465116,61.65404972,8678,99.06,1.01
2021,mazowieckie,PL1404,strefa mazowiecka,MzOtwoBrzozo,NO2,1g,16.164733882,1.39334403,137.322935,0,93.44025662,93.72734563,8596,98.12,0.98
2021,mazowieckie,PL1404,strefa mazowiecka,MzPiasPulask,NO2,1g,22.023865769,0.66672013,119.9618284,0,96.03456295,96.22101043,8520,97.26,1
2021,opolskie,PL1602,strefa opolska,OpBrzegPoprz,NO2,1g,14.472485364,0.49013,95.4602,0,66.5763,67.0006,8373,95.58,1.1
2021,opolskie,PL1602,strefa opolska,OpKKozBSmial,NO2,1g,14.232583167,0.3,73.4766,0,59.7542,60.0915,8598,98.15,1.02
2021,opolskie,PL1602,strefa opolska,OpOlesSlowac,NO2,1g,16.002361597,1.4,81.8868,0,63.0122,64.5423,8570,97.83,1.05
2021,podkarpackie,PL1801,miasto Rzeszów,PkRzeszPilsu,NO2,1g,27.927356327,1.66532,131.532,0,99.3279,99.4228,8525,97.31,1.02
2021,podkarpackie,PL1801,miasto Rzeszów,PkRzeszRejta,NO2,1g,12.185796707,0.0154,109,0,73.6302,74.0617,8622,98.42,1
2021,podkarpackie,PL1802,strefa podkarpacka,PkJasloSikor,NO2,1g,11.350421318,0.92888,99.5622,0,56.9148,56.9183,8702,99.33,1
2021,podkarpackie,PL1802,strefa podkarpacka,PkKrempnaMPN,NO2,1g,3.521127324,0.01434,40.9835,0,27.8981,29.3689,8559,97.7,1.02
2021,podkarpackie,PL1802,strefa podkarpacka,PkMielBierna,NO2,1g,13.765856373,0.38814,108.999,0,73.8282,73.9926,8600,98.17,0.99
2021,podkarpackie,PL1802,strefa podkarpacka,PkNiskoSzkla,NO2,1g,9.340151695,0.01009,85.2317,0,51.9878,52.1514,8684,99.13,1
2021,podkarpackie,PL1802,strefa podkarpacka,PkPrzemGrunw,NO2,1g,12.669341718,0.51148,183.035,0,73.1915,74.9882,8637,98.59,1
2021,podlaskie,PL2001,Aglomeracja Białostocka,PdBialWaszyn,NO2,1g,12.569886627,0,111.3,0,68.9,69.1,8644,98.67,0.99
2021,podlaskie,PL2002,strefa podlaska,PdAugustowUz,NO2,1g,8.770035563,0,96.9,0,64.6,64.7,8717,99.5,1
2021,podlaskie,PL2002,strefa podlaska,PdBorsukowiz,NO2,1g,2.816175242,0,21,0,16.2,16.2,8377,95.62,1.08
2021,podlaskie,PL2002,strefa podlaska,PdGrajewoWPoMOB,NO2,1g,10.697514098,0.1,107.4,0,67.7,69.8,8689,99.18,1.02
2021,podlaskie,PL2002,strefa podlaska,PdLomSikorsk,NO2,1g,12.870623487,0.1,109.3,0,73,73.2,8677,99.05,1.02
2021,pomorskie,PL2201,Aglomeracja Trójmiejska,PmGdaLeczkow,NO2,1g,17.312229111,1.95339,107.68,0,89.5374,90.7458,8562,97.73,0.99
2021,pomorskie,PL2201,Aglomeracja Trójmiejska,PmGdaPowWars,NO2,1g,18.016579369,1.96407,110.423,0,86.8688,87.621,8595,98.11,1
2021,pomorskie,PL2201,Aglomeracja Trójmiejska,PmGdaWyzwole,NO2,1g,15.863435739,1.9678,115.659,0,74.6164,74.7167,8523,97.29,1.02
2021,pomorskie,PL2201,Aglomeracja Trójmiejska,PmGdyPorebsk,NO2,1g,10.434099537,1.95339,78.0685,0,53.4003,53.4545,8582,97.96,1
2021,pomorskie,PL2201,Aglomeracja Trójmiejska,PmGdySzafran,NO2,1g,14.242307602,1.95903,108.001,0,82.5337,82.539,8632,98.53,1.01
2021,pomorskie,PL2201,Aglomeracja Trójmiejska,PmSopBiPlowc,NO2,1g,14.365957394,1.97966,91.088,0,69.6927,69.9217,8599,98.16,1
2021,pomorskie,PL2202,strefa pomorska,PmChojPlEmsdMOB,NO2,1g,13.062363581,0.25347,85.441,0,66.5586,67.6772,8698,99.29,1.02
2021,pomorskie,PL2202,strefa pomorska,PmLebaRabka1,NO2,24g,4.673684211,0.7,24,,,,361,98.9,0.99
2021,pomorskie,PL2202,strefa pomorska,PmLinieKosci,NO2,1g,4.881103958,0.05739,46.8643,0,31.3371,31.5571,8686,99.15,1
2021,pomorskie,PL2202,strefa pomorska,PmMalMickiew,NO2,1g,11.594430155,0.21521,75.3472,0,55.0832,55.3394,8704,99.36,1.01
2021,śląskie,PL2401,Aglomeracja Górnośląska,SlDabroTysia,NO2,1g,21.820981531,1.63544,99.7217,0,77.0033,77.1752,8332,95.11,1.02
2021,śląskie,PL2401,Aglomeracja Górnośląska,SlKatoKossut,NO2,1g,25.731229531,2.82232,105.224,0,89.9951,90.1545,8660,98.85,0.99
2021,śląskie,PL2401,Aglomeracja Górnośląska,SlKatoPlebA4,NO2,1g,49.339314467,2.81154,137.968,0,123.352,123.482,8703,99.34,1
2021,śląskie,PL2401,Aglomeracja Górnośląska,SlSosnoLubel,NO2,1g,21.245711252,2.32467,100.119,0,73.5631,74.2589,8648,98.72,1.02
2021,śląskie,PL2401,Aglomeracja Górnośląska,SlTychyTolst,NO2,1g,20.366943737,2.5403,96.2639,0,77.9052,79.8316,8654,98.78,0.99
2021,śląskie,PL2401,Aglomeracja Górnośląska,SlZabSkloCur,NO2,1g,19.590146759,0.1621,97.5348,0,73.9147,74.0534,8735,99.71,1
2021,śląskie,PL2402,Aglomeracja Rybnicko-Jastrzębska,SlRybniBorki,NO2,1g,20.926357826,2.38734,103.706,0,75.5601,76.184,8577,97.91,1.03
2021,śląskie,PL2403,miasto Bielsko-Biała,SlBielPartyz,NO2,1g,28.085844105,2.00356,109.327,0,86.1626,86.2183,8745,99.82,1
2021,śląskie,PL2404,miasto Częstochowa,SlCzestoArmK,NO2,1g,34.572294242,3.5765,147.57,0,115.741,115.759,8729,99.64,1
2021,śląskie,PL2404,miasto Częstochowa,SlCzestoBacz,NO2,1g,16.578028788,0.98521,94.319,0,73.7703,74.9817,8724,99.58,1.01
2021,śląskie,PL2405,strefa śląska,SlGoczaUzdroMOB,NO2,1g,15.501959058,1.64971,83.1294,0,64.3742,64.7626,8612,98.31,1.01
2021,śląskie,PL2405,strefa śląska,SlRaciborzWPMOB,NO2,1g,18.128483012,0.70213,99.8839,0,78.7128,78.7128,8754,99.93,1.01
2021,śląskie,PL2405,strefa śląska,SlUstronSana,NO2,1g,12.462663863,1.34743,77.7005,0,65.494,65.9035,8626,98.47,1.03
2021,śląskie,PL2405,strefa śląska,SlWodzGalczy,NO2,1g,18.738687339,1.83446,92.867,0,73.8611,74.525,8651,98.75,1.03
2021,śląskie,PL2405,strefa śląska,SlZlotPotLes,NO2,1g,8.582729757,0.35478,61.7863,0,45.8917,45.9496,8701,99.32,0.99
2021,śląskie,PL2405,strefa śląska,SlZywieKoper,NO2,1g,16.586809814,1.7054,87.1167,0,67.4028,67.8537,8691,99.21,1
2021,świętokrzyskie,PL2601,miasto Kielce,SkKielTargow,NO2,1g,23.371401214,0,161.76,0,101.2,102.08,8564,97.76,1
2021,świętokrzyskie,PL2601,miasto Kielce,SkKielWarsz1,NO2,1g,28.370660543,0.5,118.5,0,95.4,97.3,7403,84.5,1.13
2021,świętokrzyskie,PL2602,strefa świętokrzyska,SkGoluUjWody,NO2,1g,7.716655576,0,49.5,0,36.4,36.6,8716,99.49,1
2021,świętokrzyskie,PL2602,strefa świętokrzyska,SkNowiParkow,NO2,1g,16.487428441,0,99,0,73,73,8734,99.7,1
2021,warmińsko-mazurskie,PL2801,miasto Olsztyn,WmOlsPuszkin,NO2,1g,11.869836857,-0.04641,83.4859,0,63.4896,63.736,8650,98.74,1.01
2021,warmińsko-mazurskie,PL2802,miasto Elbląg,WmElbBazynsk,NO2,1g,12.614087686,0.5906,97.3284,0,68.8745,69.0779,8731,99.66,1.01
2021,warmińsko-mazurskie,PL2803,strefa warmińsko-mazurska,WmBiskupMickMOB,NO2,1g,9.519429502,0.04302,100.964,0,64.2836,65.093,8697,99.28,1.01
2021,warmińsko-mazurskie,PL2803,strefa warmińsko-mazurska,WmElkStadion,NO2,1g,10.468019217,0.00159,112.701,0,72.5436,73.5787,8732,99.68,1
2021,warmińsko-mazurskie,PL2803,strefa warmińsko-mazurska,WmGoldJacwie,NO2,1g,8.391819676,0.38771,77.0626,0,49.1389,49.3344,8665,98.91,1.02
2021,warmińsko-mazurskie,PL2803,strefa warmińsko-mazurska,WmOstrPilsud,NO2,1g,13.147601799,0.38399,92.7681,0,69.9914,70.2697,8738,99.74,1
2021,warmińsko-mazurskie,PL2803,strefa warmińsko-mazurska,WmPuszczaBor,NO2,1g,3.86710709,0.14157,35.1966,0,21.9014,22.0176,8676,99.04,1.01
2021,wielkopolskie,PL3001,Aglomeracja Poznańska,WpPoznDabrow,NO2,1g,23.091599279,0.96503,129.32,0,108.525,109.899,8645,98.68,1
2021,wielkopolskie,PL3001,Aglomeracja Poznańska,WpPoznPolank,NO2,1g,17.627604778,0.64993,112.929,0,77.6135,77.8313,8662,98.88,1.01
2021,wielkopolskie,PL3002,miasto Kalisz,WpKaliSawick,NO2,1g,15.809820954,1.68022,109.589,0,70.705,71.6102,8646,98.69,1
2021,wielkopolskie,PL3003,strefa wielkopolska,WpBoroDrapal,NO2,1g,12.41145033,-0.54419,83.4544,0,63.118,63.3189,8615,98.34,0.99
2021,wielkopolskie,PL3003,strefa wielkopolska,WpKoniWyszyn,NO2,1g,15.475940854,0.2655,76.2128,0,57.7618,58.0806,8633,98.55,1.01
2021,wielkopolskie,PL3003,strefa wielkopolska,WpKozieosLes,NO2,1g,16.039259939,2.00355,74.2964,0,58.3247,59.8071,8533,97.4,0.98
2021,wielkopolskie,PL3003,strefa wielkopolska,WpPiaskiKrzy,NO2,1g,8.610682967,0.08854,48.5551,0,38.2187,38.652,8445,96.4,0.96
2021,wielkopolskie,PL3003,strefa wielkopolska,WpPilaKusoci,NO2,1g,13.068517813,0.145,86.5233,0,66.0119,67.5777,8646,98.69,1
2021,wielkopolskie,PL3003,strefa wielkopolska,WpSzamotKollMOB,NO2,1g,10.73348468,0.01912,57.7164,0,47.16,49.8469,7227,82.5,1.55
2021,zachodniopomorskie,PL3201,Aglomeracja Szczecińska,ZpSzczAndrze,NO2,1g,14.334610013,0.00319,97.1907,0,74.0879,74.5473,8743,99.8,1.01
2021,zachodniopomorskie,PL3201,Aglomeracja Szczecińska,ZpSzczPilsud,NO2,1g,22.547540702,1.13498,135.304,0,88.1974,89.1491,8616,98.35,1.01
2021,zachodniopomorskie,PL3202,miasto Koszalin,ZpKoszArKraj,NO2,1g,20.294652662,0.00744,121.436,0,87.8798,87.9828,8610,98.28,1.01
2021,zachodniopomorskie,PL3202,miasto Koszalin,ZpKoszChopin,NO2,1g,12.668039924,1.69695,80.7881,0,57.8025,57.8673,8731,99.66,1.01
2021,zachodniopomorskie,PL3203,strefa zachodniopomorska,ZpKolKasprowMOB,NO2,1g,8.84828353,0.02496,75.3679,0,49.0274,50.2192,8193,93.52,1.14
2021,zachodniopomorskie,PL3203,strefa zachodniopomorska,ZpSzczecPrze,NO2,1g,13.22994975,0.30724,106.438,0,79.154,81.1009,8598,98.15,1
2021,zachodniopomorskie,PL3203,strefa zachodniopomorska,ZpWiduBulRyb,NO2,1g,7.481731095,0.00212,46.844,0,35.0023,36.0099,8539,97.47,1.02
