Year,Voivodeship,Zone code,Zone name,Station code,Indicator,Averaging Time,Mean [µg/m3],Min [µg/m3],Max [µg/m3],Number of measurements,Completeness [%],Summer/Winter Number
2017,dolnośląskie,PL0201,Aglomeracja Wrocławska,DsWrocAlWisn,PM2.5,1g,22.875312551,0,285.028,8471,96.7,0.95
2017,dolnośląskie,PL0201,Aglomeracja Wrocławska,DsWrocNaGrob,PM2.5,24g,20.736816901,4.19,177.39,355,97.26,1.06
2017,dolnośląskie,PL0201,Aglomeracja Wrocławska,DsWrocWybCon,PM2.5,1g,23.000955141,0,352.63,8428,96.21,0.96
2017,dolnośląskie,PL0202,miasto Legnica,DsLegAlRzecz,PM2.5,24g,23.883972603,4.21,204.29,365,100,1.01
2017,dolnośląskie,PL0203,miasto Wałbrzych,DsWalbrzWyso,PM2.5,24g,21.386867816,3.82,212.43,348,95.34,1.1
2017,dolnośląskie,PL0204,strefa dolnośląska,DsJelGorOgin,PM2.5,1g,22.450985308,0,371.625,8527,97.34,0.97
2017,dolnośląskie,PL0204,strefa dolnośląska,DsOsieczow21,PM2.5,24g,16.215414201,2.29,129.32,338,92.6,0.86
2017,dolnośląskie,PL0204,strefa dolnośląska,DsZgorBohGet,PM2.5,24g,19.096373938,2.64,149.29,353,96.71,1.02
2017,kujawsko-pomorskie,PL0401,Aglomeracja Bydgoska,KpBydBerling,PM2.5,24g,15.751094423,1.13988981,119.48714872,359,98.35,1.04
2017,kujawsko-pomorskie,PL0401,Aglomeracja Bydgoska,KpBydPlPozna,PM2.5,1g,22.166025046,1,330.4,8624,98.44,1
2017,kujawsko-pomorskie,PL0401,Aglomeracja Bydgoska,KpBydWarszaw,PM2.5,1g,26.797024108,1.0726,305.9561,6293,71.83,0.95
2017,kujawsko-pomorskie,PL0402,miasto Toruń,KpToruDziewu,PM2.5,1g,18.431396544,1.0178,173.8844,7119,81.26,1.22
2017,kujawsko-pomorskie,PL0402,miasto Toruń,KpToruDziewu,PM2.5,24g,18.451630518,2.97169461,134.67087619,365,100,1.01
2017,kujawsko-pomorskie,PL0403,miasto Włocławek,KpWloclGnia2,PM2.5,24g,20.710899446,4.2,139.0237,361,98.9,1.03
2017,kujawsko-pomorskie,PL0403,miasto Włocławek,KpWloclGniaz,PM2.5,24g,15.68586406,4.2,71.65550044,275,75.34,1.96
2017,kujawsko-pomorskie,PL0404,strefa kujawsko - pomorska,KpGrudSienki,PM2.5,24g,20.710258697,1.14298155,162.71589731,327,89.58,1.1
2017,kujawsko-pomorskie,PL0404,strefa kujawsko - pomorska,KpZielBoryTu,PM2.5,24g,11.719976428,1.59293607,83.33437257,336,92.05,0.86
2017,lubelskie,PL0601,Aglomeracja Lubelska,LbLubObywate,PM2.5,1g,22.035117682,0.2,438,8455,96.51,0.99
2017,lubelskie,PL0601,Aglomeracja Lubelska,LbLubSliwins,PM2.5,24g,20.74109589,4.2,142.9,365,100,1.01
2017,lubelskie,PL0602,strefa lubelska,LbBiaPodOrze,PM2.5,24g,24.619726027,5.9,131.9,365,100,1.01
2017,lubelskie,PL0602,strefa lubelska,LbChelJagiel,PM2.5,24g,25.236712329,5.7,174.7,365,100,1.01
2017,lubelskie,PL0602,strefa lubelska,LbZamoHrubie,PM2.5,24g,23.135890411,4.1,135.2,365,100,1.01
2017,lubuskie,PL0801,miasto Gorzów Wielkopolski,LuGorzPilsud,PM2.5,24g,19.057227139,3.3,126,339,92.87,0.92
2017,lubuskie,PL0802,miasto Zielona Góra,LuZielKrotka,PM2.5,1g,19.799838778,0.02017,153.553,6945,79.28,0.63
2017,lubuskie,PL0802,miasto Zielona Góra,LuZielKrotka,PM2.5,24g,19.104132231,3.8,92.1,363,99.45,0.99
2017,lubuskie,PL0803,strefa lubuska,LuZarySzyman,PM2.5,24g,21.56739726,5.1,131.1,365,100,1.01
2017,łódzkie,PL1001,Aglomeracja Łódzka,LdLodzCzerni,PM2.5,1g,24.550857913,1,296,6679,76.24,0.61
2017,łódzkie,PL1001,Aglomeracja Łódzka,LdLodzCzerni,PM2.5,24g,22.938306351,3,170,365,100,1.01
2017,łódzkie,PL1001,Aglomeracja Łódzka,LdLodzGdansk,PM2.5,1g,27.270151686,1,291,7977,91.06,0.87
2017,łódzkie,PL1001,Aglomeracja Łódzka,LdLodzLegion,PM2.5,24g,32.207992008,7,195,364,99.72,1
2017,łódzkie,PL1001,Aglomeracja Łódzka,LdZgieMielcz,PM2.5,1g,20.881112985,1,272,8302,94.77,1
2017,łódzkie,PL1002,strefa łódzka,LdPioTrKraPr,PM2.5,24g,31.92132964,5.09090909,292,361,98.9,1.02
2017,małopolskie,PL1201,Aglomeracja Krakowska,MpKrakAlKras,PM2.5,1g,40.100783038,3,341.088,8742,99.79,1
2017,małopolskie,PL1201,Aglomeracja Krakowska,MpKrakBujaka,PM2.5,1g,30.991272952,3,399.271,8503,97.06,0.97
2017,małopolskie,PL1201,Aglomeracja Krakowska,MpKrakBujaka,PM2.5,24g,31.850538244,5,279.3,353,96.71,1.01
2017,małopolskie,PL1201,Aglomeracja Krakowska,MpKrakBulwar,PM2.5,1g,28.360733042,2.997,329.693,8675,99.02,1
2017,małopolskie,PL1202,miasto Tarnów,MpTarBitStud,PM2.5,24g,25.785069638,5,181.62,359,98.35,0.99
2017,małopolskie,PL1202,miasto Tarnów,MpTarRoSitko,PM2.5,1g,29.028322738,3,387.366,8754,99.93,1.01
2017,małopolskie,PL1203,strefa małopolska,MpBochKonfed,PM2.5,24g,30.617355372,5.03,253.4,363,99.45,1.01
2017,małopolskie,PL1203,strefa małopolska,MpNoSaczNadb,PM2.5,24g,34.095168539,5.03,176.9,356,97.53,1.05
2017,małopolskie,PL1203,strefa małopolska,MpTrzebOsZWM,PM2.5,24g,27.554344023,5,194.2,343,93.97,1.12
2017,małopolskie,PL1203,strefa małopolska,MpZakopaSien,PM2.5,24g,24.684089636,3.22,138.8,357,97.8,1.04
2017,mazowieckie,PL1401,Aglomeracja Warszawska,MzWarAlNiepo,PM2.5,1g,27.565821378,3.28994621,187.93014667,8698,99.29,1.02
2017,mazowieckie,PL1401,Aglomeracja Warszawska,MzWarKondrat,PM2.5,24g,21.373287671,3.08,149.89,365,100,1.01
2017,mazowieckie,PL1401,Aglomeracja Warszawska,MzWarMarszal,PM2.5,1g,27.580385514,3.01654018,202.05612449,8591,98.07,1
2017,mazowieckie,PL1401,Aglomeracja Warszawska,MzWarWokalna,PM2.5,1g,20.920046469,3.6,155.36543432,8571,97.84,1.02
2017,mazowieckie,PL1401,Aglomeracja Warszawska,MzWarWokalna,PM2.5,24g,21.13365651,2.72,131.72,361,98.9,0.98
2017,mazowieckie,PL1402,miasto Płock,MzPlocKroJad,PM2.5,24g,21.396363636,4.9,136.8,341,93.42,1.13
2017,mazowieckie,PL1402,miasto Płock,MzPlocMiReja,PM2.5,1g,21.911922615,3.28,167.6,8722,99.56,1.01
2017,mazowieckie,PL1403,miasto Radom,MzRadHallera,PM2.5,24g,24.505840456,5.08,152.22,351,96.16,1.09
2017,mazowieckie,PL1403,miasto Radom,MzRadTochter,PM2.5,1g,26.778737087,1.16982882,302.3032097,8488,96.89,0.96
2017,mazowieckie,PL1404,strefa mazowiecka,MzKonJezMos,PM2.5,1g,21.945619996,-0.02949358,257.17321683,8078,92.21,1.04
2017,mazowieckie,PL1404,strefa mazowiecka,MzLegZegrzyn,PM2.5,1g,23.05573444,0.46790234,624.22787014,8517,97.22,0.99
2017,mazowieckie,PL1404,strefa mazowiecka,MzOtwoBrzozo,PM2.5,1g,27.140442778,1.48214425,410.0322665,8486,96.87,0.98
2017,mazowieckie,PL1404,strefa mazowiecka,MzPiasPulask,PM2.5,1g,25.07455454,0.3027,338.9231,8645,98.68,0.99
2017,mazowieckie,PL1404,strefa mazowiecka,MzSiedKonars,PM2.5,1g,22.980934498,2.98008215,328.68927289,8523,97.29,1.05
2017,mazowieckie,PL1404,strefa mazowiecka,MzZyraRoosev,PM2.5,1g,24.329769661,3.11,297.74691645,8489,96.9,1.03
2017,opolskie,PL1601,miasto Opole,OpOpoleOsAKr,PM2.5,24g,23.731944444,2.5,238,360,98.63,0.98
2017,opolskie,PL1602,strefa opolska,OpKKozBSmial,PM2.5,1g,28.453592122,0.16751,435.547,7546,86.14,0.75
2017,opolskie,PL1602,strefa opolska,OpKluczMicki,PM2.5,24g,18.278996865,2.5,73,319,87.39,1.1
2017,podkarpackie,PL1801,miasto Rzeszów,PkRzeszRejta,PM2.5,24g,24.128991597,4.2,190,357,97.8,0.98
2017,podkarpackie,PL1802,strefa podkarpacka,PkJasloSikor,PM2.5,24g,24.543416667,3.2,188,360,98.63,1.02
2017,podkarpackie,PL1802,strefa podkarpacka,PkKrosKletow,PM2.5,24g,26.421831832,6.02,175,333,91.23,1.13
2017,podkarpackie,PL1802,strefa podkarpacka,PkMielBierna,PM2.5,1g,25.322268068,0.10522,318.082,8622,98.42,1.01
2017,podkarpackie,PL1802,strefa podkarpacka,PkNiskoSzkla,PM2.5,24g,24.518956044,5.42,150,364,99.72,1
2017,podkarpackie,PL1802,strefa podkarpacka,PkPrzemGrunw,PM2.5,1g,25.704301252,0.02787,242.478,7675,87.61,0.77
2017,podkarpackie,PL1802,strefa podkarpacka,PkRymZdrPark,PM2.5,1g,18.186347538,0.04486,263.555,8584,97.99,0.98
2017,podlaskie,PL2001,Aglomeracja Białostocka,PdBialWarsza,PM2.5,24g,17.629698895,1.16288577,134.1675079,338,92.6,0.92
2017,podlaskie,PL2001,Aglomeracja Białostocka,PdBialWaszyn,PM2.5,1g,16.881411149,0,200.64,8413,96.03,0.97
2017,podlaskie,PL2002,strefa podlaska,PdAugustoZdrMOB,PM2.5,1g,10.79532967,0,170,5096,58.17,1.43
2017,podlaskie,PL2002,strefa podlaska,PdLomSikorsk,PM2.5,24g,25.581121536,4.4135516,171.306307,336,92.05,0.95
2017,podlaskie,PL2002,strefa podlaska,PdSuwPulaski,PM2.5,1g,11.457265952,0,176,8588,98.03,0.99
2017,pomorskie,PL2201,Aglomeracja Trójmiejska,PmGdaLeczk08,PM2.5,1g,9.682078872,0.2428,103.773,8614,98.33,1
2017,pomorskie,PL2201,Aglomeracja Trójmiejska,PmGdaPowWiel,PM2.5,24g,13.862745098,1,104,357,97.8,0.98
2017,pomorskie,PL2202,strefa pomorska,PmKosTargo12,PM2.5,1g,28.359119494,0.42285,324.54,4050,46.23,0.64
2017,pomorskie,PL2202,strefa pomorska,PmKosTargo12,PM2.5,24g,20.490196078,1,126,357,97.8,1.03
2017,pomorskie,PL2202,strefa pomorska,PmSlupKniazi,PM2.5,24g,14.918128655,1,96,342,93.69,0.95
2017,śląskie,PL2401,Aglomeracja Górnośląska,SlGliwicMewy,PM2.5,1g,33.261455884,0.0608,644.2,8689,99.18,1.01
2017,śląskie,PL2401,Aglomeracja Górnośląska,SlGliwicMewy,PM2.5,24g,30.665730337,6.4,191,356,97.53,1.06
2017,śląskie,PL2401,Aglomeracja Górnośląska,SlKatoKossut,PM2.5,1g,32.550857862,3.52963,512.891,8189,93.48,0.9
2017,śląskie,PL2401,Aglomeracja Górnośląska,SlKatoKossut,PM2.5,24g,31.205571031,4.1,264.3,359,98.35,0.99
2017,śląskie,PL2401,Aglomeracja Górnośląska,SlKatoPlebA4,PM2.5,24g,39.257827476,8,283.4,313,85.75,0.74
2017,śląskie,PL2402,Aglomeracja Rybnicko-Jastrzębska,SlZorySikor2,PM2.5,24g,29.367134831,1,286.8,356,97.53,1.03
2017,śląskie,PL2403,miasto Bielsko-Biała,SlBielSterni,PM2.5,24g,31.557925072,7.6,280.3,347,95.06,0.91
2017,śląskie,PL2404,miasto Częstochowa,SlCzestoZana,PM2.5,24g,27.773109244,4.5,277.7,357,97.8,0.98
2017,śląskie,PL2405,strefa śląska,SlGodGliniki,PM2.5,24g,29.653846154,4.6,164.4,338,92.6,1.13
2017,śląskie,PL2405,strefa śląska,SlTarnoLitew,PM2.5,24g,28.739554318,7.1,204.9,359,98.35,1.03
2017,śląskie,PL2405,strefa śląska,SlZlotPotLes,PM2.5,1g,19.746884975,4.21113,188.205,8432,96.25,0.99
2017,śląskie,PL2405,strefa śląska,SlZlotPotLes,PM2.5,24g,19.949709302,6.5,118.6,344,94.24,0.99
2017,świętokrzyskie,PL2601,miasto Kielce,SkKielJagiel,PM2.5,1g,25.042100239,0,560.5,8380,95.66,1
2017,świętokrzyskie,PL2601,miasto Kielce,SkKielJagiel,PM2.5,24g,26.55894512,3.41120753,203.32503669,365,100,1.01
2017,świętokrzyskie,PL2601,miasto Kielce,SkKielWarsza,PM2.5,24g,17.35148334,2.99650016,81.15681951,349,95.61,1.1
2017,świętokrzyskie,PL2602,strefa świętokrzyska,SkBuskRokosz,PM2.5,24g,19.231272141,2.33786162,111.87874719,341,93.42,1.16
2017,świętokrzyskie,PL2602,strefa świętokrzyska,SkMalo11List,PM2.5,1g,29.26862159,1.69,423.88,3446,39.33,0.62
2017,świętokrzyskie,PL2602,strefa świętokrzyska,SkPolaRuszcz,PM2.5,1g,25.335775814,0,364,7128,81.36,0.84
2017,świętokrzyskie,PL2602,strefa świętokrzyska,SkSolecZdrojMOB,PM2.5,24g,20.976903488,3.89929,124.7741267,355,97.26,1.06
2017,świętokrzyskie,PL2602,strefa świętokrzyska,SkStaraZlota,PM2.5,24g,22.672361364,4.35813591,144.81102112,365,100,1.01
2017,warmińsko-mazurskie,PL2801,miasto Olsztyn,WmOlsPuszkin,PM2.5,1g,16.815062281,1.38236,172.902,8616,98.35,1.02
2017,warmińsko-mazurskie,PL2801,miasto Olsztyn,WmOlsPuszkin,PM2.5,24g,16.940804598,2.2,92.5,348,95.34,1.1
2017,warmińsko-mazurskie,PL2802,miasto Elbląg,WmElbBazynsk,PM2.5,24g,17.91971831,2.8,129.9,355,97.26,1.03
2017,warmińsko-mazurskie,PL2803,strefa warmińsko-mazurska,WmOstrPilsud,PM2.5,24g,17.818062507,1.9,107.4,347,95.06,1.04
2017,warmińsko-mazurskie,PL2803,strefa warmińsko-mazurska,WmPuszczaBor,PM2.5,24g,11.784045584,2.38,74.48,351,96.16,1.06
2017,wielkopolskie,PL3001,Aglomeracja Poznańska,WpPoznPolank,PM2.5,1g,21.991742228,0.32394,220.6,8717,99.5,1
2017,wielkopolskie,PL3001,Aglomeracja Poznańska,WpPoznPolank,PM2.5,24g,22.357443182,3.27,168.25,352,96.43,1.07
2017,wielkopolskie,PL3002,miasto Kalisz,WpKaliSawick,PM2.5,1g,26.443351282,0,266.685,7949,90.74,1.18
2017,wielkopolskie,PL3002,miasto Kalisz,WpKaliSawick,PM2.5,24g,24.472438356,3.2,196.31,365,100,1.01
2017,wielkopolskie,PL3003,strefa wielkopolska,WpPleszAlMic,PM2.5,24g,31.137760252,4.3,206.2,317,86.84,1.17
2017,zachodniopomorskie,PL3201,Aglomeracja Szczecińska,ZpSzczAndr01,PM2.5,1g,20.001884587,0.10305,181.54,8707,99.39,1.01
2017,zachodniopomorskie,PL3201,Aglomeracja Szczecińska,ZpSzczAndr01,PM2.5,24g,15.046794521,2.7,105.55,365,100,1.01
2017,zachodniopomorskie,PL3201,Aglomeracja Szczecińska,ZpSzczPils02,PM2.5,1g,18.443484518,-2.06207,205.583,8725,99.6,1.01
2017,zachodniopomorskie,PL3202,miasto Koszalin,ZpKoszSpasow,PM2.5,24g,14.176164384,2.88,79.68,365,100,1.01
2017,zachodniopomorskie,PL3203,strefa zachodniopomorska,ZpMyslZaBram,PM2.5,24g,20.448383562,3.86,138.62,365,100,1.01
2017,zachodniopomorskie,PL3203,strefa zachodniopomorska,ZpSzczec1Maj,PM2.5,24g,15.494581006,2.53,99.19,358,98.08,0.98
2018,dolnośląskie,PL0201,Aglomeracja Wrocławska,DsWrocAlWisn,PM2.5,1g,23.288221711,0.57783,184.77,8714,99.47,1
2018,dolnośląskie,PL0201,Aglomeracja Wrocławska,DsWrocNaGrob,PM2.5,24g,21.503983516,3.01,104.25,364,99.72,1.01
2018,dolnośląskie,PL0201,Aglomeracja Wrocławska,DsWrocWybCon,PM2.5,1g,22.197524674,0,182.346,8570,97.83,0.97
2018,dolnośląskie,PL0202,miasto Legnica,DsLegAlRzecz,PM2.5,24g,24.981593407,3.94,129.62,364,99.72,1.01
2018,dolnośląskie,PL0203,miasto Wałbrzych,DsWalbrzWyso,PM2.5,24g,21.57601108,3.2,118.26,361,98.9,1.02
2018,dolnośląskie,PL0204,strefa dolnośląska,DsJelGorOgin,PM2.5,1g,21.26442745,0.1,252.999,8730,99.65,1
2018,dolnośląskie,PL0204,strefa dolnośląska,DsOsieczow21,PM2.5,24g,17.05675,2.51,90.66,360,98.63,0.99
2018,dolnośląskie,PL0204,strefa dolnośląska,DsZgorBohGet,PM2.5,24g,21.301181319,3.52,86.18,364,99.72,1.01
2018,kujawsko-pomorskie,PL0401,Aglomeracja Bydgoska,KpBydBerling,PM2.5,24g,18.696882911,2.09876878,84.29478013,365,100,1.01
2018,kujawsko-pomorskie,PL0401,Aglomeracja Bydgoska,KpBydPlPozna,PM2.5,1g,27.705129748,0.9916,447.5816,8422,96.14,0.96
2018,kujawsko-pomorskie,PL0401,Aglomeracja Bydgoska,KpBydWarszaw,PM2.5,1g,27.8356965,1,290.6801,7228,82.51,1.1
2018,kujawsko-pomorskie,PL0402,miasto Toruń,KpToruDziewu,PM2.5,1g,21.086593301,1.0155,149.4155,6605,75.39,1.28
2018,kujawsko-pomorskie,PL0402,miasto Toruń,KpToruDziewu,PM2.5,24g,20.058142041,1.95237922,78.62755527,356,97.53,1.06
2018,kujawsko-pomorskie,PL0403,miasto Włocławek,KpWloclGniaz,PM2.5,24g,23.391685112,2.25576767,109.47849452,361,98.9,1.03
2018,kujawsko-pomorskie,PL0403,miasto Włocławek,KpWloclOkrze,PM2.5,1g,20.845649198,1.036,160.8792,5797,66.17,1.64
2018,kujawsko-pomorskie,PL0404,strefa kujawsko - pomorska,KpGrudSienki,PM2.5,24g,25.471545425,1.96600059,120.23333333,365,100,1.01
2018,kujawsko-pomorskie,PL0404,strefa kujawsko - pomorska,KpZielBoryTu,PM2.5,24g,13.948360216,0.59581888,62.48797821,363,99.45,0.99
2018,lubelskie,PL0601,Aglomeracja Lubelska,LbLubObywate,PM2.5,1g,24.444838999,0,355.2,8673,99,1
2018,lubelskie,PL0601,Aglomeracja Lubelska,LbLubSliwins,PM2.5,24g,19.007042254,3.7,87.7,355,97.26,0.99
2018,lubelskie,PL0602,strefa lubelska,LbBiaPodOrze,PM2.5,24g,23.017451524,3.7,160.4,361,98.9,1.03
2018,lubelskie,PL0602,strefa lubelska,LbChelJagiel,PM2.5,24g,23.354246575,4.1,138.5,365,100,1.01
2018,lubelskie,PL0602,strefa lubelska,LbZamoHrubie,PM2.5,24g,22.679178082,3.8,162.9,365,100,1.01
2018,lubuskie,PL0801,miasto Gorzów Wielkopolski,LuGorzPilsud,PM2.5,24g,16.959779614,2.7,86.5,363,99.45,1.01
2018,lubuskie,PL0802,miasto Zielona Góra,LuZielKrotka,PM2.5,1g,17.093050781,0.20761,134.424,8191,93.5,1.09
2018,lubuskie,PL0802,miasto Zielona Góra,LuZielKrotka,PM2.5,24g,17.471780822,3.1,88.6,365,100,1.01
2018,lubuskie,PL0803,strefa lubuska,LuWsKaziWiel,PM2.5,1g,22.205688315,1.48028,180.669,5496,62.73,1.5
2018,lubuskie,PL0803,strefa lubuska,LuZarySzyman,PM2.5,1g,23.29525655,0.1,271.959,1907,21.76,0
2018,lubuskie,PL0803,strefa lubuska,LuZarySzyman,PM2.5,24g,20.200621118,3.6,93.9,322,88.21,1.32
2018,łódzkie,PL1001,Aglomeracja Łódzka,LdLodzCzerni,PM2.5,1g,21.127661035,0.637,113.659,8641,98.64,1.01
2018,łódzkie,PL1001,Aglomeracja Łódzka,LdLodzCzerni,PM2.5,24g,21.566978982,3.63636364,74.36363636,359,98.35,1.04
2018,łódzkie,PL1001,Aglomeracja Łódzka,LdLodzGdansk,PM2.5,1g,25.811,1.149,205.899,8400,95.89,0.97
2018,łódzkie,PL1001,Aglomeracja Łódzka,LdLodzLegion,PM2.5,24g,27.157633873,5.18181818,94.63636364,365,100,1.01
2018,łódzkie,PL1001,Aglomeracja Łódzka,LdZgieMielcz,PM2.5,1g,30.196548556,0.557,385.307,8207,93.68,0.94
2018,łódzkie,PL1002,strefa łódzka,LdPioTrKraPr,PM2.5,24g,28.163736816,4.54545455,139.3636364,362,99.17,0.99
2018,małopolskie,PL1201,Aglomeracja Krakowska,MpKrakAlKras,PM2.5,1g,39.374650921,3,201.927,8587,98.02,0.98
2018,małopolskie,PL1201,Aglomeracja Krakowska,MpKrakBujaka,PM2.5,1g,29.437348817,0.03,256.333,8442,96.36,0.99
2018,małopolskie,PL1201,Aglomeracja Krakowska,MpKrakBujaka,PM2.5,24g,30.840250696,5.17,157.47,359,98.35,0.98
2018,małopolskie,PL1201,Aglomeracja Krakowska,MpKrakBulwar,PM2.5,1g,26.650793714,2.96991,252.8,8619,98.39,0.98
2018,małopolskie,PL1202,miasto Tarnów,MpTarBitStud,PM2.5,24g,24.775068871,5.34,131.4,363,99.45,1.01
2018,małopolskie,PL1202,miasto Tarnów,MpTarRoSitko,PM2.5,1g,25.146379583,3,264.376,8728,99.63,1
2018,małopolskie,PL1203,strefa małopolska,MpBochKonfed,PM2.5,24g,28.833681319,6.59,169.87,364,99.72,1
2018,małopolskie,PL1203,strefa małopolska,MpNoSaczNadb,PM2.5,24g,32.539305136,6.54,132.64,331,90.68,1.02
2018,małopolskie,PL1203,strefa małopolska,MpTrzebOsZWM,PM2.5,24g,23.967265193,5.03,111.33,362,99.17,0.99
2018,małopolskie,PL1203,strefa małopolska,MpZakopaSien,PM2.5,24g,24.373659218,5,113.61,358,98.08,1.02
2018,mazowieckie,PL1401,Aglomeracja Warszawska,MzWarAlNiepo,PM2.5,1g,24.855434113,0.87701786,136.482375,8700,99.31,1.02
2018,mazowieckie,PL1401,Aglomeracja Warszawska,MzWarKondrat,PM2.5,1g,22.478208441,1.03139515,256.02897004,8587,98.02,1.02
2018,mazowieckie,PL1401,Aglomeracja Warszawska,MzWarKondrat,PM2.5,24g,20.440744048,2.9,92.7,336,92.05,1.2
2018,mazowieckie,PL1401,Aglomeracja Warszawska,MzWarTolstoj,PM2.5,1g,23.327789359,0.86,142.96,8251,94.18,0.96
2018,mazowieckie,PL1401,Aglomeracja Warszawska,MzWarWokalna,PM2.5,1g,22.002740914,3.28,118.89,8530,97.37,0.97
2018,mazowieckie,PL1401,Aglomeracja Warszawska,MzWarWokalna,PM2.5,24g,21.013276836,3.45,86.54,354,96.98,0.95
2018,mazowieckie,PL1402,miasto Płock,MzPlocKroJad,PM2.5,24g,23.933293051,2.36,85.1,331,90.68,0.85
2018,mazowieckie,PL1402,miasto Płock,MzPlocMiReja,PM2.5,1g,20.1776396,1.01536947,114.17956348,8126,92.76,1.06
2018,mazowieckie,PL1403,miasto Radom,MzRadHallera,PM2.5,24g,24.944289694,3.63,84.91,359,98.35,1.02
2018,mazowieckie,PL1403,miasto Radom,MzRadTochter,PM2.5,1g,24.549937932,2.78848387,236.91854839,8711,99.44,1
2018,mazowieckie,PL1404,strefa mazowiecka,MzKonJezMos,PM2.5,1g,21.666478576,2.59310556,138.88640086,8126,92.76,1.06
2018,mazowieckie,PL1404,strefa mazowiecka,MzLegZegrzyn,PM2.5,1g,24.770863309,0,411.6,8618,98.37,1.01
2018,mazowieckie,PL1404,strefa mazowiecka,MzOtwoBrzozo,PM2.5,1g,26.643778595,-3.35227634,473.04955573,8746,99.84,1.01
2018,mazowieckie,PL1404,strefa mazowiecka,MzPiasPulask,PM2.5,1g,25.010153887,0.37,390.4,8310,94.86,1.03
2018,mazowieckie,PL1404,strefa mazowiecka,MzSiedKonars,PM2.5,1g,22.303256231,2.9,273.56,8254,94.22,0.96
2018,mazowieckie,PL1404,strefa mazowiecka,MzZyraRoosev,PM2.5,1g,26.040112987,1.20143795,309.73324964,8595,98.11,0.99
2018,opolskie,PL1601,miasto Opole,OpOpoleOsAKr,PM2.5,24g,20.373900293,2.5,120,341,93.42,0.98
2018,opolskie,PL1602,strefa opolska,OpKKozBSmial,PM2.5,1g,28.867122429,0.675,264.103,8657,98.82,1.02
2018,opolskie,PL1602,strefa opolska,OpKluczMicki,PM2.5,24g,19.998563218,2.5,94,348,95.34,1.07
2018,podkarpackie,PL1801,miasto Rzeszów,PkRzeszRejta,PM2.5,24g,22.852719547,4.69,128,353,96.71,1.05
2018,podkarpackie,PL1802,strefa podkarpacka,PkJasloSikor,PM2.5,24g,22.995308642,5.26,90.7,324,88.76,1.17
2018,podkarpackie,PL1802,strefa podkarpacka,PkKrosKletow,PM2.5,24g,25.080581717,5.17,118,361,98.9,0.99
2018,podkarpackie,PL1802,strefa podkarpacka,PkMielBierna,PM2.5,1g,25.270878301,0.18156,368.458,8693,99.23,1.01
2018,podkarpackie,PL1802,strefa podkarpacka,PkNiskoSzkla,PM2.5,24g,24.084356164,5.19,126,365,100,1.01
2018,podkarpackie,PL1802,strefa podkarpacka,PkPrzemGrunw,PM2.5,1g,24.831150018,1.44139,172.755,8753,99.92,1.01
2018,podkarpackie,PL1802,strefa podkarpacka,PkRymZdrPark,PM2.5,1g,19.053837869,2.409,176.773,8722,99.56,1
2018,podlaskie,PL2001,Aglomeracja Białostocka,PdBialWarsza,PM2.5,24g,19.010580924,2.83829368,91.50036982,363,99.45,1.01
2018,podlaskie,PL2001,Aglomeracja Białostocka,PdBialWaszyn,PM2.5,1g,16.362818051,0,226,8332,95.11,1.08
2018,podlaskie,PL2002,strefa podlaska,PdAugustoZdrMOB,PM2.5,1g,15.028712675,0,174.7,5057,57.72,1.11
2018,podlaskie,PL2002,strefa podlaska,PdLomSikorsk,PM2.5,24g,28.888059598,3.58606464,123.1328513,319,87.39,0.75
2018,podlaskie,PL2002,strefa podlaska,PdSuwPulaskp,PM2.5,1g,15.453204729,0,150.5,1607,18.34,0
2018,pomorskie,PL2201,Aglomeracja Trójmiejska,PmGdaLeczk08,PM2.5,1g,16.390161371,0.815,134.959,8706,99.38,1.02
2018,pomorskie,PL2201,Aglomeracja Trójmiejska,PmGdaPowWiel,PM2.5,24g,15.052785924,1,68,341,93.42,1.12
2018,pomorskie,PL2202,strefa pomorska,PmKosTargo12,PM2.5,1g,24.196877008,-2.22379,257.877,6277,71.65,1.68
2018,pomorskie,PL2202,strefa pomorska,PmKosTargo12,PM2.5,24g,22.824657534,4,134,365,100,1.01
2018,pomorskie,PL2202,strefa pomorska,PmSlupKniazi,PM2.5,24g,16.888217523,1,83,331,90.68,0.86
2018,śląskie,PL2401,Aglomeracja Górnośląska,SlGliwicMewy,PM2.5,24g,32.928055556,4.4,179.7,360,98.63,1.01
2018,śląskie,PL2401,Aglomeracja Górnośląska,SlKatoKossut,PM2.5,1g,30.220111379,2.34237,243.735,8712,99.45,1
2018,śląskie,PL2401,Aglomeracja Górnośląska,SlKatoKossut,PM2.5,24g,29.989970501,7.9,142.4,339,92.87,1.05
2018,śląskie,PL2401,Aglomeracja Górnośląska,SlKatoPlebA4,PM2.5,24g,35.279369628,8.4,147.6,349,95.61,0.93
2018,śląskie,PL2402,Aglomeracja Rybnicko-Jastrzębska,SlZorySikor2,PM2.5,24g,30.818285714,6.7,203.8,350,95.89,1.06
2018,śląskie,PL2403,miasto Bielsko-Biała,SlBielPartyz,PM2.5,1g,35.635702143,6.8965,453.249,8423,96.15,1.07
2018,śląskie,PL2403,miasto Bielsko-Biała,SlBielSterni,PM2.5,24g,29.151666667,7.3,124.1,360,98.63,0.99
2018,śląskie,PL2404,miasto Częstochowa,SlCzestoZana,PM2.5,24g,26.482369146,7,147.1,363,99.45,0.99
2018,śląskie,PL2405,strefa śląska,SlGodGliniki,PM2.5,24g,38.546846847,5.2,218.9,333,91.23,0.85
2018,śląskie,PL2405,strefa śląska,SlTarnoLitew,PM2.5,24g,28.96978022,3.5,140.1,364,99.72,1.01
2018,śląskie,PL2405,strefa śląska,SlZlotPotLes,PM2.5,1g,20.375676229,5.35395,112.822,8263,94.32,0.95
2018,śląskie,PL2405,strefa śląska,SlZlotPotLes,PM2.5,24g,19.961495845,6.7,67.5,361,98.9,0.98
2018,świętokrzyskie,PL2601,miasto Kielce,SkKielJagiel,PM2.5,1g,29.611656442,0,303.3,3423,39.07,0.59
2018,świętokrzyskie,PL2601,miasto Kielce,SkKielJagiel,PM2.5,24g,31.942489337,7.4,118.1,140,38.35,0.56
2018,świętokrzyskie,PL2601,miasto Kielce,SkKielTargow,PM2.5,1g,21.410814511,0,184,4383,50.03,1
2018,świętokrzyskie,PL2601,miasto Kielce,SkKielTargow,PM2.5,24g,22.40380413,4.70158897,92.94505602,172,47.12,0.87
2018,świętokrzyskie,PL2601,miasto Kielce,SkKielWarsza,PM2.5,24g,18.928782535,3.24971576,92.76574345,348,95.34,1.11
2018,świętokrzyskie,PL2602,strefa świętokrzyska,SkBuskRokosz,PM2.5,24g,21.597391799,2.06755581,138.07941462,365,100,1.01
2018,świętokrzyskie,PL2602,strefa świętokrzyska,SkKonsGranatMOB,PM2.5,1g,26.287710438,1.4,187.3,4158,47.46,1.13
2018,świętokrzyskie,PL2602,strefa świętokrzyska,SkKonsGranatMOB,PM2.5,24g,22.977624264,3.29439033,100.82548553,353,96.71,1.08
2018,świętokrzyskie,PL2602,strefa świętokrzyska,SkPolaRuszcz,PM2.5,1g,23.846530442,0,234.19,8393,95.81,0.97
2018,świętokrzyskie,PL2602,strefa świętokrzyska,SkStaraZlota,PM2.5,24g,22.028783304,2.18155462,105.49901549,327,89.58,1.24
2018,warmińsko-mazurskie,PL2801,miasto Olsztyn,WmOlsPuszkin,PM2.5,1g,19.831275427,-0.055,98.9911,8207,93.68,0.89
2018,warmińsko-mazurskie,PL2801,miasto Olsztyn,WmOlsPuszkin,PM2.5,24g,17.702205882,3.52,56.2,340,93.15,1.06
2018,warmińsko-mazurskie,PL2802,miasto Elbląg,WmElbBazynsk,PM2.5,24g,19.1115,3.48,140,360,98.63,1
2018,warmińsko-mazurskie,PL2803,strefa warmińsko-mazurska,WmOstrPilsud,PM2.5,24g,19.807123288,2.8,67.8,365,100,1.01
2018,warmińsko-mazurskie,PL2803,strefa warmińsko-mazurska,WmPuszczaBor,PM2.5,24g,12.088027778,1.09,54.75,360,98.63,0.99
2018,wielkopolskie,PL3001,Aglomeracja Poznańska,WpPoznDabrow,PM2.5,1g,22.093136159,1.20222,150.562,5595,63.86,1.54
2018,wielkopolskie,PL3001,Aglomeracja Poznańska,WpPoznDabrow,PM2.5,24g,21.858314607,3.95,105.65,356,97.53,1.01
2018,wielkopolskie,PL3002,miasto Kalisz,WpKaliSawick,PM2.5,1g,23.223438594,0,216.766,7552,86.21,1.23
2018,wielkopolskie,PL3002,miasto Kalisz,WpKaliSawick,PM2.5,24g,23.874532967,3.84,108.9,364,99.72,1
2018,wielkopolskie,PL3003,strefa wielkopolska,WpPleszAlMic,PM2.5,24g,27.723643836,5.04,123.01,365,100,1.01
2018,zachodniopomorskie,PL3201,Aglomeracja Szczecińska,ZpSzczAndr01,PM2.5,1g,16.555279399,1,139.224,7201,82.2,0.9
2018,zachodniopomorskie,PL3201,Aglomeracja Szczecińska,ZpSzczAndr01,PM2.5,24g,18.917479452,1.63,90.26,365,100,1.01
2018,zachodniopomorskie,PL3201,Aglomeracja Szczecińska,ZpSzczPils02,PM2.5,1g,19.76724543,1.15705,172.273,8704,99.36,1
2018,zachodniopomorskie,PL3202,miasto Koszalin,ZpKoszSpasow,PM2.5,24g,16.305972603,2.54,77.86,365,100,1.01
2018,zachodniopomorskie,PL3203,strefa zachodniopomorska,ZpMyslZaBram,PM2.5,24g,21.945471698,2,112.66,318,87.12,1
2018,zachodniopomorskie,PL3203,strefa zachodniopomorska,ZpSzczec1Maj,PM2.5,24g,16.21002907,1.08,85.64,344,94.24,1.14
2019,dolnośląskie,PL0201,Aglomeracja Wrocławska,DsWrocAlWisn,PM2.5,1g,19.149969606,0,163.679,8707,99.39,1
2019,dolnośląskie,PL0201,Aglomeracja Wrocławska,DsWrocNaGrob,PM2.5,24g,15.450335196,3.85,89.35,358,98.08,1.05
2019,dolnośląskie,PL0201,Aglomeracja Wrocławska,DsWrocWybCon,PM2.5,1g,18.208543722,0.04519,179.691,8646,98.69,1
2019,dolnośląskie,PL0202,miasto Legnica,DsLegPolarna,PM2.5,24g,17.006746988,3.65,96.3,332,90.95,1.13
2019,dolnośląskie,PL0203,miasto Wałbrzych,DsWalbrzWyso,PM2.5,24g,15.357333333,1,94.92,360,98.63,1.03
2019,dolnośląskie,PL0204,strefa dolnośląska,DsDusznikMOB,PM2.5,1g,20.348568872,0.65111,296.892,8646,98.69,0.98
2019,dolnośląskie,PL0204,strefa dolnośląska,DsJaworMOB,PM2.5,1g,17.587927974,0.67554,292.457,8711,99.44,1
2019,dolnośląskie,PL0204,strefa dolnośląska,DsJelGorOgin,PM2.5,1g,20.104931803,0.39556,235.188,8498,97,0.99
2019,dolnośląskie,PL0204,strefa dolnośląska,DsOsieczow21,PM2.5,24g,13.102708934,3.39,76.56,347,95.06,1.01
2019,dolnośląskie,PL0204,strefa dolnośląska,DsZgorBohGet,PM2.5,24g,17.094872521,3.64,82.3,353,96.71,0.96
2019,kujawsko-pomorskie,PL0401,Aglomeracja Bydgoska,KpBydBerling,PM2.5,24g,14.552660848,1.48372248,80.50586114,365,100,1.01
2019,kujawsko-pomorskie,PL0401,Aglomeracja Bydgoska,KpBydPlPozna,PM2.5,1g,21.719196856,0.9916,174.5582,7911,90.3,0.87
2019,kujawsko-pomorskie,PL0402,miasto Toruń,KpToruDziewu,PM2.5,1g,16.398078525,1.0398,116.6878,7213,82.34,1.14
2019,kujawsko-pomorskie,PL0402,miasto Toruń,KpToruDziewu,PM2.5,24g,15.330318032,2.15127939,61.30209128,347,95.06,0.91
2019,kujawsko-pomorskie,PL0403,miasto Włocławek,KpWloclGniaz,PM2.5,24g,17.149909163,1.67372542,64.6896642,364,99.72,1
2019,kujawsko-pomorskie,PL0403,miasto Włocławek,KpWloclOkrze,PM2.5,1g,22.930376105,2.597,228.101,8713,99.46,1.01
2019,kujawsko-pomorskie,PL0404,strefa kujawsko - pomorska,KpGrudSienki,PM2.5,24g,19.56693554,2.30296182,73.7638448,335,91.78,0.89
2019,kujawsko-pomorskie,PL0404,strefa kujawsko - pomorska,KpMogiNowMOB,PM2.5,1g,20.623157783,3.1972,336.3776,8319,94.96,1.01
2019,kujawsko-pomorskie,PL0404,strefa kujawsko - pomorska,KpZielBoryTu,PM2.5,24g,9.63937924,0.25,36.77577669,352,96.43,1.03
2019,lubelskie,PL0601,Aglomeracja Lubelska,LbLubObywate,PM2.5,1g,20.312963172,0.2,221.5542,8412,96.02,0.93
2019,lubelskie,PL0601,Aglomeracja Lubelska,LbLubSliwins,PM2.5,24g,15.990136986,3.7,64.2,365,100,1.01
2019,lubelskie,PL0602,strefa lubelska,LbBiaPodOrze,PM2.5,24g,19.866949153,3.6,90.4,354,96.98,0.95
2019,lubelskie,PL0602,strefa lubelska,LbChelPolan,PM2.5,24g,18.20027933,4.8,97.8,358,98.08,1.05
2019,lubelskie,PL0602,strefa lubelska,LbNaleczow,PM2.5,1g,15.844897951,0.90398,201.01228,8191,93.5,1.14
2019,lubelskie,PL0602,strefa lubelska,LbZamoHrubie,PM2.5,24g,18.401928375,3.7,87.1,363,99.45,0.99
2019,lubuskie,PL0801,miasto Gorzów Wielkopolski,LuGorzPilsud,PM2.5,24g,14.78005618,2.5,54.4,356,97.53,1.03
2019,lubuskie,PL0802,miasto Zielona Góra,LuZielKrotka,PM2.5,1g,13.379158271,0.20013,134.102,8138,92.89,1.09
2019,lubuskie,PL0802,miasto Zielona Góra,LuZielKrotka,PM2.5,24g,13.857260274,4.4,66.8,365,100,1.01
2019,lubuskie,PL0803,strefa lubuska,LuNowaSolMOB,PM2.5,1g,20.576340212,0.35705,327.647,8164,93.19,1
2019,lubuskie,PL0803,strefa lubuska,LuWsKaziWiel,PM2.5,1g,21.984611024,0.96889,280.212,8263,94.32,0.96
2019,lubuskie,PL0803,strefa lubuska,LuZarySzyman,PM2.5,1g,13.88122452,0.1058,191.2,8496,96.98,0.99
2019,lubuskie,PL0803,strefa lubuska,LuZarySzyman,PM2.5,24g,14.647671233,3.3,73.9,365,100,1.01
2019,łódzkie,PL1001,Aglomeracja Łódzka,LdLodzCzerni,PM2.5,1g,17.693287532,0.637,97,8646,98.69,1.03
2019,łódzkie,PL1001,Aglomeracja Łódzka,LdLodzCzerni,PM2.5,24g,18.621682196,4.18181818,65.09090909,361,98.9,0.99
2019,łódzkie,PL1001,Aglomeracja Łódzka,LdLodzGdansk,PM2.5,1g,22.54601732,1,236,8083,92.27,1.08
2019,łódzkie,PL1001,Aglomeracja Łódzka,LdLodzLegion,PM2.5,24g,22.287637362,5.18181818,75.72727273,364,99.72,1.01
2019,łódzkie,PL1001,Aglomeracja Łódzka,LdZgieMielcz,PM2.5,1g,26.995252661,0.557,255,8268,94.38,0.93
2019,łódzkie,PL1002,strefa łódzka,LdPioTrKraPr,PM2.5,24g,24.940710698,6.09090909,144.8181818,362,99.17,1.02
2019,małopolskie,PL1201,Aglomeracja Krakowska,MpKrakAlKras,PM2.5,1g,29.160039646,3,179.703,8730,99.65,1
2019,małopolskie,PL1201,Aglomeracja Krakowska,MpKrakBujaka,PM2.5,1g,23.666365096,2.7,185.018,8660,98.85,1
2019,małopolskie,PL1201,Aglomeracja Krakowska,MpKrakBujaka,PM2.5,24g,24.699944904,5.48,156.21,363,99.45,1.01
2019,małopolskie,PL1201,Aglomeracja Krakowska,MpKrakBulwar,PM2.5,1g,21.647598792,3,129.656,8683,99.12,0.99
2019,małopolskie,PL1202,miasto Tarnów,MpTarBitStud,PM2.5,24g,20.077362637,5.19,124.77,364,99.72,1.01
2019,małopolskie,PL1202,miasto Tarnów,MpTarRoSitko,PM2.5,1g,22.616799252,3,199.409,8748,99.86,1
2019,małopolskie,PL1203,strefa małopolska,MpBochKonfed,PM2.5,24g,23.077589041,5.25,153.97,365,100,1.01
2019,małopolskie,PL1203,strefa małopolska,MpNoSaczNadb,PM2.5,24g,27.305854342,5.21,151.06,357,97.8,0.97
2019,małopolskie,PL1203,strefa małopolska,MpTrzebOsZWM,PM2.5,24g,20.396538462,5.25,96.25,364,99.72,1.01
2019,małopolskie,PL1203,strefa małopolska,MpZakopaSien,PM2.5,24g,19.747438017,5.15,128.18,363,99.45,1.02
2019,mazowieckie,PL1401,Aglomeracja Warszawska,MzWarAlNiepo,PM2.5,1g,24.651802272,5.81698529,112.37370798,8555,97.65,0.96
2019,mazowieckie,PL1401,Aglomeracja Warszawska,MzWarBajkowa,PM2.5,1g,19.219741698,0,156.8,8734,99.7,1
2019,mazowieckie,PL1401,Aglomeracja Warszawska,MzWarChrosci,PM2.5,1g,18.988931673,0.3596,106.3517,8711,99.44,1.02
2019,mazowieckie,PL1401,Aglomeracja Warszawska,MzWarKondrat,PM2.5,1g,15.839349217,0.47550633,97.85364212,8709,99.41,1.01
2019,mazowieckie,PL1401,Aglomeracja Warszawska,MzWarKondrat,PM2.5,24g,15.90849162,2.36,73.66,358,98.08,1.03
2019,mazowieckie,PL1401,Aglomeracja Warszawska,MzWarTolstoj,PM2.5,1g,19.248684084,1.13,98.78,8306,94.81,1.06
2019,mazowieckie,PL1401,Aglomeracja Warszawska,MzWarWokalna,PM2.5,1g,15.981364631,1.26441655,93.86170613,8209,93.71,0.96
2019,mazowieckie,PL1401,Aglomeracja Warszawska,MzWarWokalna,PM2.5,24g,15.665835616,3.27,67.85,365,100,1.01
2019,mazowieckie,PL1402,miasto Płock,MzPlocKroJad,PM2.5,24g,17.711998946,3.99,72.74,351,96.16,0.98
2019,mazowieckie,PL1402,miasto Płock,MzPlocMiReja,PM2.5,1g,18.32888684,2.68,83.04601854,8683,99.12,1
2019,mazowieckie,PL1403,miasto Radom,MzRadHallera,PM2.5,24g,20.236483516,0.91,103.18,364,99.72,1.01
2019,mazowieckie,PL1403,miasto Radom,MzRadTochter,PM2.5,1g,21.498855126,1.7419717,261.17121698,8609,98.27,1
2019,mazowieckie,PL1404,strefa mazowiecka,MzKonJezMos,PM2.5,1g,16.543028473,0.04455914,155.88515054,8584,97.99,1.03
2019,mazowieckie,PL1404,strefa mazowiecka,MzLegZegrzyn,PM2.5,1g,21.073757039,1.19893939,293.78984848,8637,98.59,0.98
2019,mazowieckie,PL1404,strefa mazowiecka,MzMinMazKaziMOB,PM2.5,1g,20.949356372,2.8,241.07,8623,98.43,1.01
2019,mazowieckie,PL1404,strefa mazowiecka,MzOtwoBrzozo,PM2.5,1g,22.993482127,1.97706696,226.74432887,8703,99.34,1
2019,mazowieckie,PL1404,strefa mazowiecka,MzPiasPulask,PM2.5,1g,19.669157532,1.32,260.49,8532,97.39,1.06
2019,mazowieckie,PL1404,strefa mazowiecka,MzSiedKonars,PM2.5,1g,19.565634114,0.57,186.54,8325,95.03,1.03
2019,mazowieckie,PL1404,strefa mazowiecka,MzZyraRoosev,PM2.5,1g,17.771336645,1.07,190.12,8528,97.35,0.96
2019,opolskie,PL1601,miasto Opole,OpOpoleOsAKr,PM2.5,24g,18.002777778,2.5,200,360,98.63,1.03
2019,opolskie,PL1602,strefa opolska,OpKKozBSmial,PM2.5,1g,20.098064143,0.85224,191.646,8170,93.26,0.9
2019,opolskie,PL1602,strefa opolska,OpKluczMicki,PM2.5,24g,17.280555556,2.5,104,360,98.63,0.98
2019,opolskie,PL1602,strefa opolska,OpPrudPodgor,PM2.5,1g,17.286436443,0.61032,286.699,8632,98.53,1.03
2019,podkarpackie,PL1801,miasto Rzeszów,PkRzeszPilsu,PM2.5,1g,19.846061242,1.1525,263.479,8749,99.87,1.01
2019,podkarpackie,PL1801,miasto Rzeszów,PkRzeszRejta,PM2.5,24g,16.933222222,3.61,122,360,98.63,1.03
2019,podkarpackie,PL1802,strefa podkarpacka,PkDebiGrottg,PM2.5,1g,26.400261096,1.4,360.17,8449,96.44,0.98
2019,podkarpackie,PL1802,strefa podkarpacka,PkHorZdrParkMOB,PM2.5,1g,16.611611228,0.3,164.8,8087,92.31,1.16
2019,podkarpackie,PL1802,strefa podkarpacka,PkJarosPruch,PM2.5,1g,22.779167145,0.8,285.6,8717,99.5,1
2019,podkarpackie,PL1802,strefa podkarpacka,PkJasloSikor,PM2.5,24g,19.200444444,3.49,162,360,98.63,1.01
2019,podkarpackie,PL1802,strefa podkarpacka,PkKrosKletow,PM2.5,24g,20.491132597,4.55,109,362,99.17,1
2019,podkarpackie,PL1802,strefa podkarpacka,PkMielBierna,PM2.5,1g,21.101164629,2.68863,288.746,8377,95.62,0.93
2019,podkarpackie,PL1802,strefa podkarpacka,PkNiskoSzkla,PM2.5,24g,20.342176309,5.47,100,363,99.45,1.02
2019,podkarpackie,PL1802,strefa podkarpacka,PkPrzemGrunw,PM2.5,1g,19.426306853,0.5,148.5,8245,94.12,1.11
2019,podkarpackie,PL1802,strefa podkarpacka,PkRymZdrPark,PM2.5,1g,15.547738988,0.1,166.4,8536,97.44,0.96
2019,podlaskie,PL2001,Aglomeracja Białostocka,PdBialWarsza,PM2.5,24g,15.779829349,2.27877291,77.86585964,347,95.06,0.93
2019,podlaskie,PL2001,Aglomeracja Białostocka,PdBialWaszyn,PM2.5,1g,13.498419759,0,205,8543,97.52,0.99
2019,podlaskie,PL2002,strefa podlaska,PdBorsukowiz,PM2.5,1g,9.192473612,0,56.5,8716,99.49,1
2019,podlaskie,PL2002,strefa podlaska,PdLomSikorsk,PM2.5,24g,21.390986641,4.12207142,94.98153213,358,98.08,1.05
2019,podlaskie,PL2002,strefa podlaska,PdSuwPulaskp,PM2.5,1g,11.988111229,0,154.6,8487,96.88,0.96
2019,pomorskie,PL2201,Aglomeracja Trójmiejska,PmGdaLeczk08,PM2.5,1g,16.788152459,0.73778,81.3503,4112,46.94,0.9
2019,pomorskie,PL2201,Aglomeracja Trójmiejska,PmGdaPowWiel,PM2.5,24g,12.382445141,1,54,319,87.39,0.91
2019,pomorskie,PL2202,strefa pomorska,PmSlupKniazi,PM2.5,24g,11.238709677,1,44,310,84.93,1.09
2019,śląskie,PL2401,Aglomeracja Górnośląska,SlGliwicMewy,PM2.5,24g,26.367696629,7,174.3,356,97.53,1.05
2019,śląskie,PL2401,Aglomeracja Górnośląska,SlKatoKossut,PM2.5,1g,23.988350055,2.24324,190.478,8191,93.5,1.16
2019,śląskie,PL2401,Aglomeracja Górnośląska,SlKatoKossut,PM2.5,24g,24.097206704,6.5,126.1,358,98.08,1.03
2019,śląskie,PL2401,Aglomeracja Górnośląska,SlKatoPlebA4,PM2.5,24g,27.692067989,8.9,151,353,96.71,0.99
2019,śląskie,PL2402,Aglomeracja Rybnicko-Jastrzębska,SlZorySikor2,PM2.5,24g,24.884482759,7.6,158,348,95.34,1.08
2019,śląskie,PL2403,miasto Bielsko-Biała,SlBielPartyz,PM2.5,1g,27.581112685,3.35476,356.36,8740,99.77,1.01
2019,śląskie,PL2403,miasto Bielsko-Biała,SlBielSterni,PM2.5,24g,21.637428571,2.5,205.8,350,95.89,0.99
2019,śląskie,PL2404,miasto Częstochowa,SlCzestoZana,PM2.5,24g,20.30521978,8.1,118.5,364,99.72,1.01
2019,śląskie,PL2405,strefa śląska,SlGodGliniki,PM2.5,24g,30.614285714,6.8,228.6,329,90.13,1.01
2019,śląskie,PL2405,strefa śląska,SlTarnoLitew,PM2.5,24g,22.78487395,7.1,174.3,357,97.8,1.02
2019,śląskie,PL2405,strefa śląska,SlZlotPotLes,PM2.5,1g,16.141143825,1.2806,122.436,8666,98.92,1.01
2019,śląskie,PL2405,strefa śląska,SlZlotPotLes,PM2.5,24g,16.077030812,5.3,84.5,357,97.8,1.04
2019,świętokrzyskie,PL2601,miasto Kielce,SkKielTargow,PM2.5,1g,19.801678456,0,260.2,8341,95.21,1.09
2019,świętokrzyskie,PL2601,miasto Kielce,SkKielTargow,PM2.5,24g,20.709396436,3.51076695,105.99070855,361,98.9,1.01
2019,świętokrzyskie,PL2601,miasto Kielce,SkKielWarsza,PM2.5,24g,15.544089442,4.18667518,58.03545649,330,90.41,1.23
2019,świętokrzyskie,PL2602,strefa świętokrzyska,SkBuskRokosz,PM2.5,24g,19.756698274,4.26849078,78.31960319,349,95.61,1.1
2019,świętokrzyskie,PL2602,strefa świętokrzyska,SkSkarZielnaMOB,PM2.5,1g,18.415793441,0.8,222.2,7959,90.85,0.87
2019,świętokrzyskie,PL2602,strefa świętokrzyska,SkSkarZielnaMOB,PM2.5,24g,17.675802035,2.59038363,90.59416486,360,98.63,1.03
2019,świętokrzyskie,PL2602,strefa świętokrzyska,SkStaraZlota,PM2.5,1g,19.086061949,1.02,340.2,8719,99.53,1
2019,świętokrzyskie,PL2602,strefa świętokrzyska,SkStaraZlota,PM2.5,24g,19.327814103,4.3013295,110.49,361,98.9,1.01
2019,warmińsko-mazurskie,PL2801,miasto Olsztyn,WmOlsPuszkin,PM2.5,1g,14.998494041,1.43868,74.5222,8758,99.97,1.01
2019,warmińsko-mazurskie,PL2801,miasto Olsztyn,WmOlsPuszkin,PM2.5,24g,14.97684507,1.86,60.56,355,97.26,0.96
2019,warmińsko-mazurskie,PL2802,miasto Elbląg,WmElbBazynsk,PM2.5,1g,14.346525656,1.46111,69.1998,7705,87.95,1.1
2019,warmińsko-mazurskie,PL2802,miasto Elbląg,WmElbBazynsk,PM2.5,24g,15.053863636,3.59,55.4,352,96.43,1.01
2019,warmińsko-mazurskie,PL2803,strefa warmińsko-mazurska,WmGoldUzdrowMOB,PM2.5,1g,10.677732425,0.77384,86.2612,8153,93.07,1.17
2019,warmińsko-mazurskie,PL2803,strefa warmińsko-mazurska,WmOstrPilsud,PM2.5,24g,15.652268908,0,67.84,357,97.8,1.05
2019,warmińsko-mazurskie,PL2803,strefa warmińsko-mazurska,WmPuszczaBor,PM2.5,24g,11.096204986,1.54,47.5,361,98.9,0.99
2019,wielkopolskie,PL3001,Aglomeracja Poznańska,WpPoznDabrow,PM2.5,24g,18.236962751,4.63,93.05,349,95.61,1.1
2019,wielkopolskie,PL3002,miasto Kalisz,WpKaliSawick,PM2.5,1g,19.877657182,0.02528,202.133,8548,97.57,0.99
2019,wielkopolskie,PL3003,strefa wielkopolska,WpPleszAlMic,PM2.5,24g,24.168575419,6.19,101.35,358,98.08,1.03
2019,zachodniopomorskie,PL3201,Aglomeracja Szczecińska,ZpSzczAndr01,PM2.5,1g,14.189988455,0.51062,112.904,8665,98.91,1.01
2019,zachodniopomorskie,PL3201,Aglomeracja Szczecińska,ZpSzczAndr01,PM2.5,24g,13.69232687,2.36,62.19,361,98.9,1.01
2019,zachodniopomorskie,PL3201,Aglomeracja Szczecińska,ZpSzczBudzWosMOB,PM2.5,1g,13.121719756,0.88248,159.314,7140,81.5,1.49
2019,zachodniopomorskie,PL3201,Aglomeracja Szczecińska,ZpSzczPils02,PM2.5,1g,16.933937019,0.54944,101.623,8735,99.71,1.01
2019,zachodniopomorskie,PL3202,miasto Koszalin,ZpKoszSpasow,PM2.5,24g,13.672328767,2.36,64.96,365,100,1.01
2019,zachodniopomorskie,PL3203,strefa zachodniopomorska,ZpMyslZaBram,PM2.5,24g,17.333674033,2.54,74.57,362,99.17,0.99
2019,zachodniopomorskie,PL3203,strefa zachodniopomorska,ZpSzczec1Maj,PM2.5,24g,12.750877193,2.18,48.92,342,93.69,1.14
2020,dolnośląskie,PL0201,Aglomeracja Wrocławska,DsWrocAlWisn,PM2.5,1g,18.055895367,0,133.038,8666,98.65,0.99
2020,dolnośląskie,PL0201,Aglomeracja Wrocławska,DsWrocNaGrob,PM2.5,24g,15.346895522,2.69,69.96,335,91.53,0.83
2020,dolnośląskie,PL0201,Aglomeracja Wrocławska,DsWrocWybCon,PM2.5,1g,15.810466219,0.56752,142.371,8682,98.83,1.02
2020,dolnośląskie,PL0203,miasto Wałbrzych,DsWalbrzWyso,PM2.5,24g,13.33281337,1,71.83,359,98.08,1.03
2020,dolnośląskie,PL0205,strefa dolnośląska_2,DsJelGorOgin,PM2.5,1g,19.689120541,0.51972,210.746,8579,97.66,0.96
2020,dolnośląskie,PL0205,strefa dolnośląska_2,DsKamGoraMOB,PM2.5,1g,16.605035939,0.13317,172.822,8365,95.22,1.01
2020,dolnośląskie,PL0205,strefa dolnośląska_2,DsKlodzSzkol,PM2.5,1g,18.92751229,0.45322,296.308,8632,98.26,0.97
2020,dolnośląskie,PL0205,strefa dolnośląska_2,DsLegPolarna,PM2.5,24g,16.166071429,3.13,91.8,364,99.45,0.99
2020,dolnośląskie,PL0205,strefa dolnośląska_2,DsOsieczow21,PM2.5,24g,11.488133705,2.76,46.73,359,98.08,0.99
2020,dolnośląskie,PL0205,strefa dolnośląska_2,DsSrodaSlMOB,PM2.5,1g,19.032190387,0.84658,159.778,8107,92.29,1.18
2020,dolnośląskie,PL0205,strefa dolnośląska_2,DsZgorBohGet,PM2.5,24g,13.998535912,2.19,68.92,362,98.9,1.01
2020,kujawsko-pomorskie,PL0401,Aglomeracja Bydgoska,KpBydBerling,PM2.5,24g,12.10034629,2.31574872,47.43031524,366,100,1
2020,kujawsko-pomorskie,PL0401,Aglomeracja Bydgoska,KpBydWarszaw,PM2.5,1g,13.653887595,1,125.7,6868,78.18,0.84
2020,kujawsko-pomorskie,PL0402,miasto Toruń,KpToruDziewu,PM2.5,24g,13.405700777,1.30988024,49.97170923,341,93.16,0.88
2020,kujawsko-pomorskie,PL0402,miasto Toruń,KpToruKaszow,PM2.5,1g,16.319060305,2.2747,154.1507,8603,97.93,1.02
2020,kujawsko-pomorskie,PL0403,miasto Włocławek,KpWloclGniaz,PM2.5,24g,16.989621959,3.15497452,82.66395895,366,100,1
2020,kujawsko-pomorskie,PL0403,miasto Włocławek,KpWloclOkrze,PM2.5,1g,19.046161,3.241,179.989,8559,97.43,1.05
2020,kujawsko-pomorskie,PL0404,strefa kujawsko - pomorska,KpChelmLunawMOB,PM2.5,1g,14.531452223,1.949,134.851,8571,97.57,1.05
2020,kujawsko-pomorskie,PL0404,strefa kujawsko - pomorska,KpChelmLunawMOB,PM2.5,24g,14.578426416,1.43349664,64.01393501,358,97.81,1.05
2020,kujawsko-pomorskie,PL0404,strefa kujawsko - pomorska,KpGrudSienki,PM2.5,24g,16.065077433,3.27971833,63.87286128,349,95.35,1.1
2020,kujawsko-pomorskie,PL0404,strefa kujawsko - pomorska,KpZielBoryTu,PM2.5,24g,8.567575346,0.97954677,30.7378085,360,98.36,1.03
2020,lubelskie,PL0601,Aglomeracja Lubelska,LbLubObywate,PM2.5,1g,18.662836604,0.2,163.8,8764,99.77,1
2020,lubelskie,PL0601,Aglomeracja Lubelska,LbLubSliwins,PM2.5,24g,15.150546448,3.7,71,366,100,1
2020,lubelskie,PL0602,strefa lubelska,LbBiaPodOrze,PM2.5,24g,19.805747126,4,108,348,95.08,1.05
2020,lubelskie,PL0602,strefa lubelska,LbChelPolan,PM2.5,24g,17.088251366,3.3,76.3,366,100,1
2020,lubelskie,PL0602,strefa lubelska,LbKrasnobrod,PM2.5,1g,12.360556484,0.3,205.9,8374,95.33,1.09
2020,lubelskie,PL0602,strefa lubelska,LbZamoHrubie,PM2.5,1g,15.477936625,0.4,222.005,8538,97.19,1.05
2020,lubelskie,PL0602,strefa lubelska,LbZamoHrubie,PM2.5,24g,17.493169399,3.3,74.2,366,100,1
2020,lubuskie,PL0801,miasto Gorzów Wielkopolski,LuGorzKosGdy,PM2.5,1g,14.009224178,0.5112,160.928,8441,96.09,0.92
2020,lubuskie,PL0801,miasto Gorzów Wielkopolski,LuGorzPilsud,PM2.5,24g,13.916939891,3.9,49.8,366,100,1
2020,lubuskie,PL0802,miasto Zielona Góra,LuZielKrotka,PM2.5,1g,10.230805182,0.2,79.6871,8155,92.83,0.92
2020,lubuskie,PL0802,miasto Zielona Góra,LuZielKrotka,PM2.5,24g,10.718696884,2.6,50.4,353,96.44,0.93
2020,lubuskie,PL0803,strefa lubuska,LuSwiebodMOB,PM2.5,1g,16.124431808,1.19419,235.834,6842,77.89,1.75
2020,lubuskie,PL0803,strefa lubuska,LuWsKaziWiel,PM2.5,1g,19.070845203,1.15556,276.573,6858,78.07,0.87
2020,lubuskie,PL0803,strefa lubuska,LuWsKaziWiel,PM2.5,24g,18.273650794,4.1,65.5,315,86.06,0.89
2020,lubuskie,PL0803,strefa lubuska,LuZarySzyman,PM2.5,1g,13.025970548,0.13509,118.315,8675,98.75,1
2020,lubuskie,PL0803,strefa lubuska,LuZarySzyman,PM2.5,24g,13.040437158,2.7,63.5,366,100,1
2020,łódzkie,PL1001,Aglomeracja Łódzka,LdLodzCzerni,PM2.5,1g,15.335716757,1,85,8671,98.71,1.02
2020,łódzkie,PL1001,Aglomeracja Łódzka,LdLodzCzerni,PM2.5,24g,15.62239899,2,48.3,360,98.36,1
2020,łódzkie,PL1001,Aglomeracja Łódzka,LdLodzLegion,PM2.5,24g,19.290080362,2.1,62,362,98.9,0.98
2020,łódzkie,PL1001,Aglomeracja Łódzka,LdZgieMielcz,PM2.5,1g,23.304803074,1,364.328,8328,94.8,1
2020,łódzkie,PL1002,strefa łódzka,LdKutn1Maja7MOB,PM2.5,1g,17.589481033,1,181,8594,97.83,1.01
2020,łódzkie,PL1002,strefa łódzka,LdPioTrKraPr,PM2.5,24g,21.31392279,2.5,81.5,365,99.72,0.99
2020,łódzkie,PL1002,strefa łódzka,LdRadomsRoln,PM2.5,1g,23.580970459,1,271,8429,95.95,1
2020,małopolskie,PL1201,Aglomeracja Krakowska,MpKrakAlKras,PM2.5,1g,23.924610963,3,226.142,8438,96.06,0.99
2020,małopolskie,PL1201,Aglomeracja Krakowska,MpKrakBulwar,PM2.5,1g,20.716593441,2.95174,154.468,8469,96.41,0.97
2020,małopolskie,PL1201,Aglomeracja Krakowska,MpKrakOsPias,PM2.5,24g,20.785616438,5.26,81.57,365,99.72,1.01
2020,małopolskie,PL1202,miasto Tarnów,MpTarBitStud,PM2.5,24g,17.502275281,3.81,87.23,356,97.26,0.95
2020,małopolskie,PL1202,miasto Tarnów,MpTarRoSitko,PM2.5,1g,20.316116083,3,228.557,8674,98.74,1.01
2020,małopolskie,PL1203,strefa małopolska,MpBochKonfed,PM2.5,24g,21.192451791,5.15,115.39,363,99.18,1.01
2020,małopolskie,PL1203,strefa małopolska,MpNoSaczNadb,PM2.5,24g,26.834217877,5.1,113.62,358,97.81,0.99
2020,małopolskie,PL1203,strefa małopolska,MpTrzebOsZWM,PM2.5,24g,17.950929577,3.15,58.85,355,96.99,1.02
2020,małopolskie,PL1203,strefa małopolska,MpZakopaSien,PM2.5,24g,20.525041322,3.1,119.14,363,99.18,1.01
2020,mazowieckie,PL1401,Aglomeracja Warszawska,MzWarAlNiepo,PM2.5,1g,18.078354711,0.41,104.94,8576,97.63,1.03
2020,mazowieckie,PL1401,Aglomeracja Warszawska,MzWarBajkowa,PM2.5,1g,18.334023711,0.41,141.46,8435,96.02,1.06
2020,mazowieckie,PL1401,Aglomeracja Warszawska,MzWarChrosci,PM2.5,1g,17.032954503,0,130.66,8769,99.82,1
2020,mazowieckie,PL1401,Aglomeracja Warszawska,MzWarKondrat,PM2.5,24g,15.40943695,3.81,74.75,341,93.16,0.96
2020,mazowieckie,PL1401,Aglomeracja Warszawska,MzWarTolstoj,PM2.5,1g,15.117180098,0.39,114.27,8401,95.63,1.09
2020,mazowieckie,PL1401,Aglomeracja Warszawska,MzWarWokalna,PM2.5,1g,14.093521872,0.28,91.21,8504,96.81,0.95
2020,mazowieckie,PL1401,Aglomeracja Warszawska,MzWarWokalna,PM2.5,24g,14.000445682,2.54,59.33,359,98.08,1.01
2020,mazowieckie,PL1402,miasto Płock,MzPlocKroJad,PM2.5,24g,15.289982405,2.9,61.65,341,93.16,0.95
2020,mazowieckie,PL1402,miasto Płock,MzPlocMiReja,PM2.5,1g,15.268389578,0,83.8,8712,99.18,0.98
2020,mazowieckie,PL1403,miasto Radom,MzRadHallera,PM2.5,24g,17.642883657,3.81,82.15,361,98.63,0.98
2020,mazowieckie,PL1403,miasto Radom,MzRadTochter,PM2.5,1g,18.550904696,0.26,190.21,8688,98.9,0.98
2020,mazowieckie,PL1404,strefa mazowiecka,MzGutyDuCzer,PM2.5,1g,12.862060447,2.74,93.67,7610,86.63,1.36
2020,mazowieckie,PL1404,strefa mazowiecka,MzKonJezMos,PM2.5,1g,16.400306851,1.84,118.74,8408,95.71,0.94
2020,mazowieckie,PL1404,strefa mazowiecka,MzLegZegrzyn,PM2.5,1g,17.921991301,0.43,174.48,8507,96.84,1.07
2020,mazowieckie,PL1404,strefa mazowiecka,MzMinMazKaziMOB,PM2.5,1g,19.310799263,2.4868,282.4868,8684,98.86,1.01
2020,mazowieckie,PL1404,strefa mazowiecka,MzOtwoBrzozo,PM2.5,1g,20.638495541,0.20452675,251.50821284,8459,96.3,1.04
2020,mazowieckie,PL1404,strefa mazowiecka,MzPiasPulask,PM2.5,1g,16.604727188,0.26,169.48,8559,97.43,1.05
2020,mazowieckie,PL1404,strefa mazowiecka,MzSiedKonars,PM2.5,1g,18.247578008,0,232.9164,8753,99.64,1.01
2020,mazowieckie,PL1404,strefa mazowiecka,MzZyraRoosev,PM2.5,1g,16.681132766,1.06,209.41,8466,96.37,0.99
2020,opolskie,PL1601,miasto Opole,OpOpoleKoszy,PM2.5,1g,15.654242177,0.43052,172.308,8754,99.65,1
2020,opolskie,PL1601,miasto Opole,OpOpoleOsAKr,PM2.5,24g,17.224043716,2.5,77,366,100,1
2020,opolskie,PL1602,strefa opolska,OpKKozBSmial,PM2.5,1g,16.281421547,0.56978,128.081,7828,89.11,1.15
2020,opolskie,PL1602,strefa opolska,OpKKozBSmial,PM2.5,24g,17.818559557,2.5,119,361,98.63,0.99
2020,opolskie,PL1602,strefa opolska,OpKluczMicki,PM2.5,24g,17.478021978,2.5,60,364,99.45,1
2020,opolskie,PL1602,strefa opolska,OpNysaRodzie,PM2.5,24g,20.8625,2.5,166,360,98.36,1.03
2020,opolskie,PL1602,strefa opolska,OpStrzOpWysz,PM2.5,1g,14.511351614,0.48396,149.441,8240,93.8,1.14
2020,podkarpackie,PL1801,miasto Rzeszów,PkRzeszPilsu,PM2.5,1g,20.561366061,0.0259,154.386,8328,94.8,0.91
2020,podkarpackie,PL1801,miasto Rzeszów,PkRzeszRejta,PM2.5,24g,13.653304598,2.35,56.2,348,95.08,0.97
2020,podkarpackie,PL1802,strefa podkarpacka,PkDebiGrottg,PM2.5,1g,21.91885943,0.1,241.7,7996,91.02,1.05
2020,podkarpackie,PL1802,strefa podkarpacka,PkJarosPruch,PM2.5,1g,18.468520619,0.15675,228.8,8542,97.24,0.95
2020,podkarpackie,PL1802,strefa podkarpacka,PkJasloSikor,PM2.5,1g,12.810500888,0.1,127.6,8672,98.72,0.99
2020,podkarpackie,PL1802,strefa podkarpacka,PkKrosKletow,PM2.5,24g,14.582949853,1.74,55.7,339,92.62,1.16
2020,podkarpackie,PL1802,strefa podkarpacka,PkMielBierna,PM2.5,1g,18.051124077,1.26013,183.2,8596,97.85,0.99
2020,podkarpackie,PL1802,strefa podkarpacka,PkNiskoSzkla,PM2.5,1g,18.169875705,2.21878,232.53,8760,99.72,0.99
2020,podkarpackie,PL1802,strefa podkarpacka,PkPolanZdrojMOB,PM2.5,1g,8.752949559,0.5,59.2,8162,92.91,1.05
2020,podkarpackie,PL1802,strefa podkarpacka,PkPrzemGrunw,PM2.5,1g,17.003027273,0.05947,133.4,8586,97.74,0.96
2020,podkarpackie,PL1802,strefa podkarpacka,PkRymZdrPark,PM2.5,1g,9.025808365,0.4,75.3,7830,89.13,1.16
2020,podlaskie,PL2001,Aglomeracja Białostocka,PdBialWarsza,PM2.5,24g,15.009264293,2.9505863,68.58095349,364,99.45,1.01
2020,podlaskie,PL2001,Aglomeracja Białostocka,PdBialWaszyn,PM2.5,1g,13.462112729,0,151,8037,91.49,0.9
2020,podlaskie,PL2002,strefa podlaska,PdAugustowUm,PM2.5,1g,17.578441548,0.2,281.5780998,8207,93.43,0.93
2020,podlaskie,PL2002,strefa podlaska,PdBorsukowiz,PM2.5,1g,8.288297634,0,88.8,8663,98.62,1.02
2020,podlaskie,PL2002,strefa podlaska,PdGrajewoWPoMOB,PM2.5,1g,16.740659718,0.4,361.3,8731,99.39,1
2020,podlaskie,PL2002,strefa podlaska,PdLomSikorsk,PM2.5,24g,22.41225773,3.82226209,89.91659357,360,98.36,0.99
2020,podlaskie,PL2002,strefa podlaska,PdSuwPulaskp,PM2.5,1g,10.408889912,0,114.4,8684,98.86,1
2020,pomorskie,PL2201,Aglomeracja Trójmiejska,PmGdaLeczk08,PM2.5,1g,14.563982459,2.06228,86.434,8762,99.74,1
2020,pomorskie,PL2201,Aglomeracja Trójmiejska,PmGdaPowWiel,PM2.5,24g,10.415300546,1,61,366,100,1
2020,pomorskie,PL2202,strefa pomorska,PmKosTargo12,PM2.5,1g,17.490135266,0.85843,264.862,8655,98.53,1.03
2020,pomorskie,PL2202,strefa pomorska,PmKosTargo12,PM2.5,24g,13.997050147,2,67,339,92.62,1.09
2020,śląskie,PL2401,Aglomeracja Górnośląska,SlGliwicMewy,PM2.5,24g,22.138826816,4.2,115.7,358,97.81,1.02
2020,śląskie,PL2401,Aglomeracja Górnośląska,SlKatoKossut,PM2.5,1g,20.206851328,1.39473,189.442,8780,99.95,1
2020,śląskie,PL2401,Aglomeracja Górnośląska,SlKatoKossut,PM2.5,24g,20.189589041,5.7,84.9,365,99.72,1.01
2020,śląskie,PL2401,Aglomeracja Górnośląska,SlKatoPlebA4,PM2.5,1g,23.282990463,4.75855,197.759,8727,99.35,0.99
2020,śląskie,PL2401,Aglomeracja Górnośląska,SlKatoPlebA4,PM2.5,24g,23.439044944,5.7,86.2,356,97.26,0.97
2020,śląskie,PL2402,Aglomeracja Rybnicko-Jastrzębska,SlZorySikor2,PM2.5,24g,22.05,3.3,100.7,358,97.81,0.98
2020,śląskie,PL2403,miasto Bielsko-Biała,SlBielPartyz,PM2.5,1g,24.818257552,2.36382,293.104,8734,99.43,1.01
2020,śląskie,PL2403,miasto Bielsko-Biała,SlBielSterni,PM2.5,24g,20.665,4.2,135.5,340,92.89,0.9
2020,śląskie,PL2404,miasto Częstochowa,SlCzestoZana,PM2.5,24g,17.733879781,2.2,80.7,366,100,1
2020,śląskie,PL2405,strefa śląska,SlGoczaUzdroMOB,PM2.5,1g,29.922236829,0.59339,586.867,8502,96.78,0.95
2020,śląskie,PL2405,strefa śląska,SlGodGliniki,PM2.5,24g,26.466548043,3.5,136.3,281,76.77,1.04
2020,śląskie,PL2405,strefa śląska,SlRaciborzWPMOB,PM2.5,1g,24.944296758,2.10056,281.099,8779,99.94,1
2020,śląskie,PL2405,strefa śląska,SlTarnoLitew,PM2.5,24g,19.621584699,2.7,79.2,366,100,1
2020,śląskie,PL2405,strefa śląska,SlZlotPotLes,PM2.5,1g,15.229829256,1.00823,97.0033,8680,98.81,1
2020,świętokrzyskie,PL2601,miasto Kielce,SkKielTargow,PM2.5,1g,16.463088471,0.49,267.21,8726,99.33,1
2020,świętokrzyskie,PL2601,miasto Kielce,SkKielTargow,PM2.5,24g,19.676685413,2.77977336,101.35879081,364,99.45,1.01
2020,świętokrzyskie,PL2601,miasto Kielce,SkKielWarsza,PM2.5,24g,16.869580614,2.83636364,88.96101535,357,97.54,0.98
2020,świętokrzyskie,PL2602,strefa świętokrzyska,SkBuskRokosz,PM2.5,24g,18.668949909,5.18954005,89.62895849,362,98.9,1.02
2020,świętokrzyskie,PL2602,strefa świętokrzyska,SkOstrOsSlonMOB,PM2.5,1g,17.376517424,0.3,199.1,8666,98.65,1.03
2020,świętokrzyskie,PL2602,strefa świętokrzyska,SkOstrOsSlonMOB,PM2.5,24g,19.511000318,4.24271201,89.92510303,358,97.81,1.03
2020,świętokrzyskie,PL2602,strefa świętokrzyska,SkStaraZlota,PM2.5,1g,17.977433033,0.39,383.15,8773,99.87,1
2020,świętokrzyskie,PL2602,strefa świętokrzyska,SkStaraZlota,PM2.5,24g,18.628693337,1.14547537,71.44935178,334,91.25,0.9
2020,warmińsko-mazurskie,PL2801,miasto Olsztyn,WmOlsPuszkin,PM2.5,1g,13.973784896,0.64111,110.194,8570,97.56,1.04
2020,warmińsko-mazurskie,PL2801,miasto Olsztyn,WmOlsPuszkin,PM2.5,24g,13.15738292,3.09,54.29,363,99.18,1.01
2020,warmińsko-mazurskie,PL2802,miasto Elbląg,WmElbBazynsk,PM2.5,1g,12.116768466,2.18775,63.4766,8561,97.46,0.96
2020,warmińsko-mazurskie,PL2802,miasto Elbląg,WmElbBazynsk,PM2.5,24g,13.28684507,3.28,51.07,355,96.99,0.94
2020,warmińsko-mazurskie,PL2803,strefa warmińsko-mazurska,WmBiskupMickMOB,PM2.5,1g,16.068907854,0.93679,180.677,8715,99.21,0.98
2020,warmińsko-mazurskie,PL2803,strefa warmińsko-mazurska,WmOstrPilsud,PM2.5,24g,14.012905028,1.67,47.94,358,97.81,0.96
2020,warmińsko-mazurskie,PL2803,strefa warmińsko-mazurska,WmPuszczaBor,PM2.5,24g,9.108358329,2.07,37.09,353,96.44,1.06
2020,wielkopolskie,PL3001,Aglomeracja Poznańska,WpPoznDabrow,PM2.5,1g,16.097924605,0.71278,123.033,7854,89.41,1.25
2020,wielkopolskie,PL3001,Aglomeracja Poznańska,WpPoznDabrow,PM2.5,24g,16.137774725,3.62,60.05,364,99.45,0.99
2020,wielkopolskie,PL3001,Aglomeracja Poznańska,WpPoznRatajeMOB,PM2.5,1g,16.301090645,0.82793,111.229,8764,99.77,1
2020,wielkopolskie,PL3002,miasto Kalisz,WpKaliSawick,PM2.5,1g,18.882022581,0.60421,202.209,8670,98.7,0.98
2020,wielkopolskie,PL3002,miasto Kalisz,WpKaliSawick,PM2.5,24g,19.148794521,5.84,79.28,365,99.72,0.99
2020,wielkopolskie,PL3003,strefa wielkopolska,WpPleszAlMic,PM2.5,24g,20.554098361,4.81,77.41,366,100,1
2020,zachodniopomorskie,PL3201,Aglomeracja Szczecińska,ZpSzczAndr01,PM2.5,1g,11.713824857,1.05613,79.4365,8664,98.63,1
2020,zachodniopomorskie,PL3201,Aglomeracja Szczecińska,ZpSzczAndr01,PM2.5,24g,11.351939891,2.52,46.49,366,100,1
2020,zachodniopomorskie,PL3201,Aglomeracja Szczecińska,ZpSzczPils02,PM2.5,1g,14.386225744,0.75528,147.494,8579,97.66,0.98
2020,zachodniopomorskie,PL3202,miasto Koszalin,ZpKoszSpasow,PM2.5,24g,10.837896175,1.82,44.29,366,100,1
2020,zachodniopomorskie,PL3203,strefa zachodniopomorska,ZpMyslZaBram,PM2.5,24g,14.316284153,2.9,57.33,366,100,1
2020,zachodniopomorskie,PL3203,strefa zachodniopomorska,ZpPolczSolanMOB,PM2.5,1g,9.040186146,0.16639,94.7313,8547,97.3,1.05
2020,zachodniopomorskie,PL3203,strefa zachodniopomorska,ZpSzczec1Maj,PM2.5,24g,9.767047354,2.54,48.92,359,98.08,1.02
2021,dolnośląskie,PL0201,Aglomeracja Wrocławska,DsWrocAlWisn,PM2.5,1g,21.034948865,0.66667,120.975,8663,98.89,1.02
2021,dolnośląskie,PL0201,Aglomeracja Wrocławska,DsWrocNaGrob,PM2.5,24g,17.216528926,2.6,80.8,363,99.45,1.01
2021,dolnośląskie,PL0201,Aglomeracja Wrocławska,DsWrocWybCon,PM2.5,1g,18.182999178,3.0889,146.408,8731,99.66,1.01
2021,dolnośląskie,PL0202,miasto Legnica,DsLegPolarna,PM2.5,24g,17.715934066,3.9,98.6,364,99.72,1.01
2021,dolnośląskie,PL0203,miasto Wałbrzych,DsWalbrzWyso,PM2.5,24g,16.615702479,2.9,104.1,363,99.45,1.01
2021,dolnośląskie,PL0204,strefa dolnośląska,DsJelGorOgin,PM2.5,1g,20.046401263,0.59417,238.104,8739,99.76,1
2021,dolnośląskie,PL0204,strefa dolnośląska,DsKlodzSzkol,PM2.5,1g,27.645773641,0.62391,369.813,8563,97.75,1.03
2021,dolnośląskie,PL0204,strefa dolnośląska,DsMiliczMOB,PM2.5,1g,20.771107991,0.42611,176.491,8009,91.42,0.9
2021,dolnośląskie,PL0204,strefa dolnośląska,DsOsieczow21,PM2.5,24g,12.3,2.1,71.2,358,98.08,0.97
2021,dolnośląskie,PL0204,strefa dolnośląska,DsSrodaSlMOB,PM2.5,1g,23.153026068,2.64078,162.39,8746,99.84,1
2021,dolnośląskie,PL0204,strefa dolnośląska,DsZgorBohGet,PM2.5,24g,15.555462185,3.8,65.6,357,97.8,1.05
2021,kujawsko-pomorskie,PL0401,Aglomeracja Bydgoska,KpBydFieldor,PM2.5,24g,12.862470346,1.74173357,81.3691055,365,100,1.01
2021,kujawsko-pomorskie,PL0401,Aglomeracja Bydgoska,KpBydPlPozna,PM2.5,1g,16.094460423,1,182.9,7997,91.28,1.02
2021,kujawsko-pomorskie,PL0401,Aglomeracja Bydgoska,KpBydWarszaw,PM2.5,1g,15.727521648,1,178.2,8546,97.55,0.98
2021,kujawsko-pomorskie,PL0402,miasto Toruń,KpToruDziewu,PM2.5,24g,16.280456039,1.11165698,97.83402596,362,99.17,1
2021,kujawsko-pomorskie,PL0402,miasto Toruń,KpToruKaszow,PM2.5,1g,20.539666744,2.4,385.9,8642,98.65,0.99
2021,kujawsko-pomorskie,PL0403,miasto Włocławek,KpWloclGniaz,PM2.5,24g,20.290149563,1.84946782,105.29274175,363,99.45,1.02
2021,kujawsko-pomorskie,PL0403,miasto Włocławek,KpWloclOkrze,PM2.5,1g,21.185815684,3.8,158.7,8735,99.71,1
2021,kujawsko-pomorskie,PL0404,strefa kujawsko - pomorska,KpGrudSienki,PM2.5,24g,18.597534282,1.04338753,128.05955583,365,100,1.01
2021,kujawsko-pomorskie,PL0404,strefa kujawsko - pomorska,KpNaklWawrzy,PM2.5,1g,24.437234331,2,389.2,8406,95.95,1.05
2021,kujawsko-pomorskie,PL0404,strefa kujawsko - pomorska,KpSolecRowecMOB,PM2.5,1g,20.890077645,2.33,425.53,8629,98.5,1.02
2021,kujawsko-pomorskie,PL0404,strefa kujawsko - pomorska,KpZielBoryTu,PM2.5,24g,8.689922301,0.7847275,40.86218767,365,100,1.01
2021,lubelskie,PL0601,Aglomeracja Lubelska,LbLubObywate,PM2.5,1g,23.884781114,0.2,252.9,8726,99.61,1.01
2021,lubelskie,PL0601,Aglomeracja Lubelska,LbLubSliwins,PM2.5,24g,17.475342466,2.8,74.5,365,100,1.01
2021,lubelskie,PL0602,strefa lubelska,LbBiaPodOrze,PM2.5,24g,21.772905028,3.7,108.6,358,98.08,1.05
2021,lubelskie,PL0602,strefa lubelska,LbChelmPolan,PM2.5,24g,19.264109589,3.6,80,365,100,1.01
2021,lubelskie,PL0602,strefa lubelska,LbZamoHrubie,PM2.5,1g,19.147873926,2.1,245.8,8725,99.6,1.01
2021,lubelskie,PL0602,strefa lubelska,LbZamoHrubie,PM2.5,24g,20.083013699,3.8,86.5,365,100,1.01
2021,lubuskie,PL0801,miasto Gorzów Wielkopolski,LuGorzKosGdy,PM2.5,1g,16.797699343,0.62973,202.767,8502,97.05,1.07
2021,lubuskie,PL0801,miasto Gorzów Wielkopolski,LuGorzPilsud,PM2.5,24g,15.265479452,2.4,68.2,365,100,1.01
2021,lubuskie,PL0802,miasto Zielona Góra,LuZielKrotka,PM2.5,1g,12.058325066,0.21028,107.385,8657,98.82,1
2021,lubuskie,PL0802,miasto Zielona Góra,LuZielKrotka,PM2.5,24g,12.098347107,3.7,49.9,363,99.45,1.02
2021,lubuskie,PL0803,strefa lubuska,LuGubinAnderMOB,PM2.5,1g,16.775606496,0.52669,293.244,8551,97.61,1.02
2021,lubuskie,PL0803,strefa lubuska,LuWsKaziWiel,PM2.5,1g,20.094806805,1.08558,268.591,7882,89.97,1.26
2021,lubuskie,PL0803,strefa lubuska,LuZarySzyman,PM2.5,1g,14.367279761,0.11932,213.192,8618,98.37,0.99
2021,łódzkie,PL1001,Aglomeracja Łódzka,LdLodzCzerni,PM2.5,1g,17.335715109,1,153,8677,99.05,0.99
2021,łódzkie,PL1001,Aglomeracja Łódzka,LdLodzCzerni,PM2.5,24g,18.754945055,3.6,96.2,364,99.72,1
2021,łódzkie,PL1001,Aglomeracja Łódzka,LdLodzLegion,PM2.5,24g,23.503892655,6,87,354,96.98,0.96
2021,łódzkie,PL1001,Aglomeracja Łódzka,LdZgieMielcz,PM2.5,1g,21.446978229,1,257,8268,94.38,0.96
2021,łódzkie,PL1002,strefa łódzka,LdKutn1Maja7MOB,PM2.5,1g,20.355749129,1,244,8610,98.28,1
2021,łódzkie,PL1002,strefa łódzka,LdLaskNarutoMOB,PM2.5,1g,24.449070034,1.5,448.8,8710,99.42,1.01
2021,łódzkie,PL1002,strefa łódzka,LdPioTrKraPr,PM2.5,24g,25.241873278,2.9,109.3,363,99.45,0.99
2021,łódzkie,PL1002,strefa łódzka,LdRadomsRoln,PM2.5,1g,27.405331723,1.215,378.973,8281,94.53,0.99
2021,małopolskie,PL1201,Aglomeracja Krakowska,MpKrakAlKras,PM2.5,1g,25.180689498,1.6549,144.771,8738,99.74,1.01
2021,małopolskie,PL1201,Aglomeracja Krakowska,MpKrakBulwar,PM2.5,1g,24.805706431,1.07414,171.631,8577,97.91,0.99
2021,małopolskie,PL1201,Aglomeracja Krakowska,MpKrakOsPias,PM2.5,24g,24.051726027,5.37,120.38,365,100,1.01
2021,małopolskie,PL1202,miasto Tarnów,MpTarBitStud,PM2.5,24g,21.331808219,4.28,84.1,365,100,1.01
2021,małopolskie,PL1202,miasto Tarnów,MpTarRoSitko,PM2.5,1g,23.050442803,1,280.203,8736,99.72,1.01
2021,małopolskie,PL1203,strefa małopolska,MpBochKonfed,PM2.5,24g,24.311917808,4.13,133.06,365,100,1.01
2021,małopolskie,PL1203,strefa małopolska,MpNoSaczNadb,PM2.5,24g,27.897391304,5.1,116.7,345,94.52,1.05
2021,małopolskie,PL1203,strefa małopolska,MpTrzebOsZWM,PM2.5,24g,21.420989011,5.37,94.04,364,99.72,1
2021,małopolskie,PL1203,strefa małopolska,MpZakopaSien,PM2.5,24g,19.645702479,3.68,109.93,363,99.45,1.02
2021,mazowieckie,PL1401,Aglomeracja Warszawska,MzWarAlNiepo,PM2.5,1g,21.049431857,2.11,132.77,8695,99.25,1.01
2021,mazowieckie,PL1401,Aglomeracja Warszawska,MzWarBajkowa,PM2.5,1g,19.020271851,0.06,253.78,8718,99.52,1.01
2021,mazowieckie,PL1401,Aglomeracja Warszawska,MzWarChrosci,PM2.5,1g,17.480839572,0.04,129.9,8683,99.12,1.01
2021,mazowieckie,PL1401,Aglomeracja Warszawska,MzWarTolstoj,PM2.5,1g,17.870768616,0.08,125.56,8756,99.95,1.01
2021,mazowieckie,PL1401,Aglomeracja Warszawska,MzWarTolstoj,PM2.5,24g,17.728412463,3.2,95.4,337,92.32,1.04
2021,mazowieckie,PL1401,Aglomeracja Warszawska,MzWarWokalna,PM2.5,1g,16.784295783,0.09,132.06,8371,95.55,0.94
2021,mazowieckie,PL1401,Aglomeracja Warszawska,MzWarWokalna,PM2.5,24g,16.339002933,3.184,97.927,341,93.42,1.13
2021,mazowieckie,PL1402,miasto Płock,MzPlocKroJad,PM2.5,24g,17.232292537,4.107,83.392,335,91.78,0.84
2021,mazowieckie,PL1402,miasto Płock,MzPlocMiReja,PM2.5,1g,17.377288955,0.11,124.66,8683,99.12,1.02
2021,mazowieckie,PL1403,miasto Radom,MzRadHallera,PM2.5,24g,20.58015896,3.772,99.724,346,94.79,0.93
2021,mazowieckie,PL1403,miasto Radom,MzRadTochter,PM2.5,1g,20.984978848,0.06,257.1,8510,97.14,1.02
2021,mazowieckie,PL1404,strefa mazowiecka,MzGutyDuCzer,PM2.5,1g,13.06276929,0.02,135.51,7854,89.65,1.15
2021,mazowieckie,PL1404,strefa mazowiecka,MzKonJezWieMOB,PM2.5,1g,16.985245575,0.06,166.43,8531,97.38,1.02
2021,mazowieckie,PL1404,strefa mazowiecka,MzLegZegrzyn,PM2.5,1g,20.663170288,0.11,278.38,8239,94.05,1.09
2021,mazowieckie,PL1404,strefa mazowiecka,MzOtwoBrzozo,PM2.5,1g,21.126865356,0.04,312.92,8593,98.09,0.98
2021,mazowieckie,PL1404,strefa mazowiecka,MzPiasPulask,PM2.5,1g,19.458940864,0.08,168.43,8658,98.83,1
2021,mazowieckie,PL1404,strefa mazowiecka,MzSiedKonars,PM2.5,1g,19.690652947,0.05,256.63,8757,99.96,1.01
2021,mazowieckie,PL1404,strefa mazowiecka,MzSierWiosnyMOB,PM2.5,1g,22.220205928,2.48,380.25,8401,95.9,1.09
2021,mazowieckie,PL1404,strefa mazowiecka,MzZyraRoosev,PM2.5,1g,22.216454146,0.11,279.6,8658,98.83,1
2021,opolskie,PL1601,miasto Opole,OpOpoleKoszy,PM2.5,1g,16.356280872,1.10578,181.348,8381,95.67,1.1
2021,opolskie,PL1601,miasto Opole,OpOpoleOsAKr,PM2.5,24g,19.053982301,2.5,82.1,339,92.87,1.12
2021,opolskie,PL1602,strefa opolska,OpBrzegPoprz,PM2.5,1g,19.007102247,1.3,210.6,8272,94.42,1.1
2021,opolskie,PL1602,strefa opolska,OpKKozBSmial,PM2.5,1g,19.670688524,0.5,168.8,8668,98.94,1.02
2021,opolskie,PL1602,strefa opolska,OpKluczMicki,PM2.5,24g,18.120869565,2.5,68.7,345,94.52,1.13
2021,opolskie,PL1602,strefa opolska,OpNysaRodzie,PM2.5,1g,21.03846683,0.1,253.84,8393,95.81,1.07
2021,podkarpackie,PL1801,miasto Rzeszów,PkRzeszPilsu,PM2.5,1g,25.076129088,0.84728,282.719,8312,94.88,0.91
2021,podkarpackie,PL1801,miasto Rzeszów,PkRzeszRejta,PM2.5,24g,17.951027778,2.7,123.6,360,98.63,1
2021,podkarpackie,PL1802,strefa podkarpacka,PkDebiGrottg,PM2.5,1g,21.893355489,0.1,287.6,8078,92.21,1.1
2021,podkarpackie,PL1802,strefa podkarpacka,PkJarosPruch,PM2.5,1g,20.737903095,0.38273,249.583,8531,97.38,1
2021,podkarpackie,PL1802,strefa podkarpacka,PkJasloSikor,PM2.5,1g,17.557145783,0.2,248.5,8463,96.6,0.95
2021,podkarpackie,PL1802,strefa podkarpacka,PkKrosKletow,PM2.5,1g,16.109088349,0.6,190.26,8526,97.32,0.99
2021,podkarpackie,PL1802,strefa podkarpacka,PkLatosZdrojMOB,PM2.5,1g,15.878882599,2.7,226.1,8126,92.76,1.09
2021,podkarpackie,PL1802,strefa podkarpacka,PkMielBierna,PM2.5,1g,22.482524473,1.60191,280.259,8307,94.82,0.93
2021,podkarpackie,PL1802,strefa podkarpacka,PkNiskoSzkla,PM2.5,1g,20.970156698,2.53655,224.613,8722,99.56,1
2021,podkarpackie,PL1802,strefa podkarpacka,PkPrzemGrunw,PM2.5,1g,19.554512096,0.1,175.2,8679,99.07,1
2021,podkarpackie,PL1802,strefa podkarpacka,PkRymZdrPark,PM2.5,1g,10.434882839,0.74221,89.1227,8495,96.97,0.99
2021,podlaskie,PL2001,Aglomeracja Białostocka,PdBialWarsza,PM2.5,24g,16.881496991,1.93378292,92.87571541,361,98.9,1.01
2021,podlaskie,PL2001,Aglomeracja Białostocka,PdBialWaszyn,PM2.5,1g,16.001046999,0,241,8596,98.12,0.99
2021,podlaskie,PL2002,strefa podlaska,PdAugustowUz,PM2.5,1g,18.149195784,1.623,274.586,8729,99.64,1
2021,podlaskie,PL2002,strefa podlaska,PdBorsukowiz,PM2.5,1g,8.310515072,0,62.1,8426,96.18,1.09
2021,podlaskie,PL2002,strefa podlaska,PdGrajewoWPoMOB,PM2.5,1g,19.146416304,0.5,375.7,8734,99.7,1
2021,podlaskie,PL2002,strefa podlaska,PdLomSikorsk,PM2.5,24g,24.599183628,2.72378134,164.2837429,360,98.63,1.03
2021,podlaskie,PL2002,strefa podlaska,PdSuwPulask2,PM2.5,1g,14.049883667,0,284,8596,98.12,1.01
2021,pomorskie,PL2201,Aglomeracja Trójmiejska,PmGdaLeczkow,PM2.5,1g,17.203389247,1.20111,149.207,8708,99.4,1
2021,pomorskie,PL2201,Aglomeracja Trójmiejska,PmGdaPowWiel,PM2.5,24g,12.526170799,2,95,363,99.45,1.01
2021,pomorskie,PL2201,Aglomeracja Trójmiejska,PmGdyPorebsk,PM2.5,1g,16.966424634,1.36972,169.322,8760,100,1.01
2021,pomorskie,PL2201,Aglomeracja Trójmiejska,PmGdySzafran,PM2.5,1g,15.521521337,0.708,107.525,8760,100,1.01
2021,pomorskie,PL2201,Aglomeracja Trójmiejska,PmSopBiPlowc,PM2.5,1g,14.395834035,1.19604,91.5669,7891,90.07,1.25
2021,pomorskie,PL2202,strefa pomorska,PmKosTargowa,PM2.5,1g,19.551701028,0.96131,315.962,8510,97.14,1.02
2021,pomorskie,PL2202,strefa pomorska,PmLebMalczew,PM2.5,1g,16.007013605,0.7087,158.04,8632,98.53,0.99
2021,śląskie,PL2401,Aglomeracja Górnośląska,SlGliwicMewy,PM2.5,24g,21.945027624,1,130.5,362,99.17,1.01
2021,śląskie,PL2401,Aglomeracja Górnośląska,SlKatoKossut,PM2.5,1g,22.628647933,1.45417,174.258,8686,99.15,0.99
2021,śląskie,PL2401,Aglomeracja Górnośląska,SlKatoKossut,PM2.5,24g,22.654293629,3.5,132.2,361,98.9,0.99
2021,śląskie,PL2401,Aglomeracja Górnośląska,SlKatoPlebA4,PM2.5,1g,25.978448201,5.38819,176.74,8748,99.86,1.01
2021,śląskie,PL2402,Aglomeracja Rybnicko-Jastrzębska,SlZorySikor2,PM2.5,24g,24.270857143,3.1,118.1,350,95.89,1
2021,śląskie,PL2403,miasto Bielsko-Biała,SlBielPartyz,PM2.5,1g,27.443666986,1.98017,221.994,8718,99.52,1
2021,śląskie,PL2403,miasto Bielsko-Biała,SlBielSterni,PM2.5,24g,20.804383562,1,134.4,365,100,1.01
2021,śląskie,PL2404,miasto Częstochowa,SlCzestoZana,PM2.5,24g,21.092690058,1,113.5,342,93.69,1.06
2021,śląskie,PL2405,strefa śląska,SlGoczaUzdroMOB,PM2.5,1g,33.029830425,2.4179,367.595,8711,99.44,1
2021,śląskie,PL2405,strefa śląska,SlRaciborzWPMOB,PM2.5,1g,27.926464664,1.17222,292.695,8754,99.93,1
2021,śląskie,PL2405,strefa śląska,SlTarnoLitew,PM2.5,24g,20.942577031,1,122.1,357,97.8,0.97
2021,śląskie,PL2405,strefa śląska,SlZlotPotLes,PM2.5,1g,17.805410062,2.6,112.1,8706,99.38,1
2021,śląskie,PL2405,strefa śląska,SlZlotPotLes,PM2.5,24g,15.550898204,2.7,73.5,334,91.5,0.9
2021,świętokrzyskie,PL2601,miasto Kielce,SkKielTargow,PM2.5,1g,23.587595074,5.43,221.28384615,8544,97.53,1.02
2021,świętokrzyskie,PL2601,miasto Kielce,SkKielTargow,PM2.5,24g,22.584832376,3.89842439,99.67152165,348,95.34,0.92
2021,świętokrzyskie,PL2601,miasto Kielce,SkKielWarsza,PM2.5,24g,18.628209819,4.52735504,71.98698253,365,100,1.01
2021,świętokrzyskie,PL2602,strefa świętokrzyska,SkBuskRokosz,PM2.5,24g,21.074480703,4.81008729,73.30539372,324,88.76,0.78
2021,świętokrzyskie,PL2602,strefa świętokrzyska,SkOpatPartyz,PM2.5,1g,25.28098735,0.6,393.3,8506,97.1,1
2021,świętokrzyskie,PL2602,strefa świętokrzyska,SkSandZielnaMOB,PM2.5,1g,20.024465439,0.94789011,131.43865638,8630,98.51,1.01
2021,świętokrzyskie,PL2602,strefa świętokrzyska,SkSandZielnaMOB,PM2.5,24g,19.051636244,4.17895683,79.44028982,343,93.97,1.13
2021,świętokrzyskie,PL2602,strefa świętokrzyska,SkStaraZlota,PM2.5,1g,22.466221879,0.71,421.98,8740,99.77,1
2021,świętokrzyskie,PL2602,strefa świętokrzyska,SkStaraZlota,PM2.5,24g,21.150236528,4.60142226,76.13636364,338,92.6,1
2021,warmińsko-mazurskie,PL2801,miasto Olsztyn,WmOlsPuszkin,PM2.5,1g,14.776065529,0.58826,123.743,8687,99.16,1.01
2021,warmińsko-mazurskie,PL2801,miasto Olsztyn,WmOlsPuszkin,PM2.5,24g,14.952797784,3.03,96.39,361,98.9,1.02
2021,warmińsko-mazurskie,PL2802,miasto Elbląg,WmElbBazynsk,PM2.5,1g,16.10410036,2.235,137.224,8755,99.94,1.01
2021,warmińsko-mazurskie,PL2802,miasto Elbląg,WmElbBazynsk,PM2.5,24g,16.460410959,4.5,79.08,365,100,1.01
2021,warmińsko-mazurskie,PL2803,strefa warmińsko-mazurska,WmBiskupMickMOB,PM2.5,1g,17.645409382,4.59143,257.193,8715,99.48,1.02
2021,warmińsko-mazurskie,PL2803,strefa warmińsko-mazurska,WmElkStadion,PM2.5,1g,10.432491895,0.84022,140.334,8732,99.68,1.01
2021,warmińsko-mazurskie,PL2803,strefa warmińsko-mazurska,WmOstrPilsud,PM2.5,1g,16.666044131,1.3,134.267,8095,92.4,1.07
2021,warmińsko-mazurskie,PL2803,strefa warmińsko-mazurska,WmOstrPilsud,PM2.5,24g,16.711342466,4.4,92.88,365,100,1.01
2021,warmińsko-mazurskie,PL2803,strefa warmińsko-mazurska,WmPuszczaBor,PM2.5,24g,9.603268156,1.52,49.64,358,98.08,1.03
2021,wielkopolskie,PL3001,Aglomeracja Poznańska,WpPoznDabrow,PM2.5,1g,18.406923071,0.54781,146.241,8386,95.73,1.09
2021,wielkopolskie,PL3001,Aglomeracja Poznańska,WpPoznDabrow,PM2.5,24g,18.525165746,4.74,120.65,362,99.17,0.99
2021,wielkopolskie,PL3002,miasto Kalisz,WpKaliSawick,PM2.5,1g,22.488404688,1.60053,188.158,8680,99.08,1.02
2021,wielkopolskie,PL3002,miasto Kalisz,WpKaliSawick,PM2.5,24g,22.976931507,4.63,148.06,365,100,1.01
2021,wielkopolskie,PL3003,strefa wielkopolska,WpPleszAlMic,PM2.5,24g,23.788873626,5.65,135.48,364,99.72,1.01
2021,wielkopolskie,PL3003,strefa wielkopolska,WpSzamotKollMOB,PM2.5,1g,21.799959887,0.7909,370.073,7225,82.47,1.55
2021,zachodniopomorskie,PL3201,Aglomeracja Szczecińska,ZpSzczAndrze,PM2.5,1g,13.568782361,1.00298,140.689,8709,99.41,1
2021,zachodniopomorskie,PL3201,Aglomeracja Szczecińska,ZpSzczAndrze,PM2.5,24g,13.025452055,2,67.49,365,100,1.01
2021,zachodniopomorskie,PL3201,Aglomeracja Szczecińska,ZpSzczPilsud,PM2.5,1g,14.425050963,0.73195,175.413,7915,90.35,1.24
2021,zachodniopomorskie,PL3202,miasto Koszalin,ZpKoszSpasow,PM2.5,24g,11.156794521,2,42.75,365,100,1.01
2021,zachodniopomorskie,PL3203,strefa zachodniopomorska,ZpKolKasprowMOB,PM2.5,1g,10.57810077,0.9432,81.5235,8194,93.53,1.14
2021,zachodniopomorskie,PL3203,strefa zachodniopomorska,ZpMyslZaBram,PM2.5,24g,16.282931507,2.37,82.91,365,100,1.01
2021,zachodniopomorskie,PL3203,strefa zachodniopomorska,ZpSzczec1Maj,PM2.5,24g,13.313415978,2.17,65.34,363,99.45,1.02
