Year,Voivodeship,Zone code,Zone name,Station code,Indicator,Averaging Time,Mean [mg/m3],Min [mg/m3],Max [mg/m3],Max (S8max) [mg/m3],Number of measurements,Completeness [%],Summer/Winter Number
2017,dolnośląskie,PL0201,Aglomeracja Wrocławska,DsWrocAlWisn,CO,1g,0.651690434,0.137118,4.52572,3.7202125,8698,99.29,1
2017,dolnośląskie,PL0201,Aglomeracja Wrocławska,DsWrocWybCon,CO,1g,0.382957083,0.130048,4.48348,3.68138625,8660,98.85,1.01
2017,dolnośląskie,PL0202,miasto Legnica,DsLegAlRzecz,CO,1g,0.472237087,0.0984776,4.18709,3.60181,8710,99.42,1
2017,dolnośląskie,PL0203,miasto Wałbrzych,DsWalbrzWyso,CO,1g,0.421267719,0.117876,4.43289,3.93305,8586,98.01,1.02
2017,dolnośląskie,PL0204,strefa dolnośląska,DsBoleslaMOB,CO,1g,0.382715942,0.111273,4.31837,3.20822,8401,95.9,1.07
2017,dolnośląskie,PL0204,strefa dolnośląska,DsJelGorOgin,CO,1g,0.419070287,0.146302,4.1218,3.113615,8662,98.88,1.01
2017,dolnośląskie,PL0204,strefa dolnośląska,DsKudowaMOB,CO,1g,0.371865098,0.120006,3.52448,2.84222,8288,94.61,1.11
2017,dolnośląskie,PL0204,strefa dolnośląska,DsZgorBohGet,CO,1g,0.379160083,0.148254,3.03839,2.4517425,8686,99.15,1
2017,kujawsko-pomorskie,PL0401,Aglomeracja Bydgoska,KpBydPlPozna,CO,1g,0.468794067,0.03,5.308,3.64425,8697,99.28,1
2017,kujawsko-pomorskie,PL0401,Aglomeracja Bydgoska,KpBydWarszaw,CO,1g,0.470548555,0.097,3.409,2.46,8408,95.98,0.94
2017,kujawsko-pomorskie,PL0402,miasto Toruń,KpToruKaszow,CO,1g,0.336975143,0.066,3.573,2.359,8368,95.52,1.08
2017,kujawsko-pomorskie,PL0403,miasto Włocławek,KpWloclChelmMOB,CO,1g,0.294407338,0.034,2.06,1.567375,8312,94.88,1.07
2017,kujawsko-pomorskie,PL0403,miasto Włocławek,KpWloclOkrze,CO,1g,0.565569717,0.158,4.395,3.575375,8722,99.56,1
2017,kujawsko-pomorskie,PL0404,strefa kujawsko - pomorska,KpGrudPilsud,CO,1g,0.585402059,0.031,8.113,6.617625,8352,95.34,1.09
2017,kujawsko-pomorskie,PL0404,strefa kujawsko - pomorska,KpZielBoryTu,CO,1g,0.2798761,0.09,1.204,1.06325,7611,86.88,0.77
2017,lubelskie,PL0601,Aglomeracja Lubelska,LbLubObywate,CO,1g,0.403191824,0.108,5.323,3.946875,8659,98.84,1
2017,lubuskie,PL0801,miasto Gorzów Wielkopolski,LuGorzKosGdy,CO,1g,0.352690962,0.06633,3.28773,2.80739,8703,99.34,1
2017,lubuskie,PL0802,miasto Zielona Góra,LuZielKrotka,CO,1g,0.339111981,0.1042,2.04977,1.414391429,8489,96.9,1.05
2017,lubuskie,PL0803,strefa lubuska,LuSulecDudka,CO,1g,0.366343147,0.09158,2.96655,1.813055,8730,99.65,1
2017,lubuskie,PL0803,strefa lubuska,LuWsKaziWiel,CO,1g,0.39612665,0.1232,3.46037,2.7053425,7806,89.1,0.86
2017,lubuskie,PL0803,strefa lubuska,LuZarySzyman,CO,1g,0.402388116,0.10489,5.49959,4.56842625,8730,99.65,1.01
2017,łódzkie,PL1001,Aglomeracja Łódzka,LdLodzCzerni,CO,1g,0.413902709,0.181,3.156,2.27875,8577,97.91,1.03
2017,łódzkie,PL1001,Aglomeracja Łódzka,LdLodzGdansk,CO,1g,0.517552976,0.182,4.388,2.58875,8702,99.33,1.01
2017,łódzkie,PL1001,Aglomeracja Łódzka,LdLodzJanPaw,CO,1g,0.573240713,0.261,4.27,2.64875,8641,98.64,1
2017,łódzkie,PL1001,Aglomeracja Łódzka,LdLodzKilins,CO,1g,0.579143634,0.19788,4.92372,3.889215,7700,87.89,1.25
2017,łódzkie,PL1001,Aglomeracja Łódzka,LdZgieMielcz,CO,1g,0.534644787,0.18,5.565,4.058625,8623,98.43,1
2017,łódzkie,PL1002,strefa łódzka,LdPioTrKraPr,CO,1g,0.52298679,0.188,6.197,4.755125,8554,97.64,1.05
2017,łódzkie,PL1002,strefa łódzka,LdRadomsRoln,CO,1g,0.550718126,0.19,8.438376812,5.479576087,8610,98.28,1.02
2017,małopolskie,PL1201,Aglomeracja Krakowska,MpKrakAlKras,CO,1g,0.866372099,0.11765,4.38136,4.1246625,8655,98.8,1.01
2017,małopolskie,PL1201,Aglomeracja Krakowska,MpKrakBulwar,CO,1g,0.640189702,0.09852,4.84373,4.07680125,8644,98.67,1
2017,małopolskie,PL1202,miasto Tarnów,MpTarRoSitko,CO,1g,0.676256803,0.15814,5.4022,4.81682,8706,99.38,1
2017,małopolskie,PL1203,strefa małopolska,MpTrzebOsZWM,CO,1g,0.434606581,0.06675,3.72907,2.673975,8571,97.84,0.98
2017,małopolskie,PL1203,strefa małopolska,MpZakopaSien,CO,1g,0.527990895,0.09995,4.15286,3.1514925,8448,96.43,0.97
2017,mazowieckie,PL1401,Aglomeracja Warszawska,MzWarAlNiepo,CO,1g,0.568239915,0.083097574,3.971,2.50625,8749,99.87,1.01
2017,mazowieckie,PL1401,Aglomeracja Warszawska,MzWarMarszal,CO,1g,0.432784652,0.093478883,2.38143154,2.166457936,8634,98.56,0.99
2017,mazowieckie,PL1402,miasto Płock,MzPlocKroJad,CO,1g,0.354249028,0.11,2.707,1.647875,8746,99.84,1.01
2017,mazowieckie,PL1402,miasto Płock,MzPlocMiReja,CO,1g,0.357660578,0.123497165,3.31335636,1.710264426,8731,99.66,1.01
2017,mazowieckie,PL1403,miasto Radom,MzRadTochter,CO,1g,0.437798477,0.154454545,6.246267508,4.207299774,8692,99.22,1.02
2017,mazowieckie,PL1404,strefa mazowiecka,MzBelsIGFPAN,CO,1g,0.231632407,0.062,1.920138306,1.467392288,8650,98.74,1
2017,mazowieckie,PL1404,strefa mazowiecka,MzKonJezMos,CO,1g,0.403354691,0.047251139,2.404063629,2.002983909,8113,92.61,1.02
2017,mazowieckie,PL1404,strefa mazowiecka,MzOtwoBrzozo,CO,1g,0.416939421,0.138157676,6.370297213,5.084131877,8581,97.95,0.97
2017,opolskie,PL1602,strefa opolska,OpKKozBSmial,CO,1g,0.319582705,0.0389,3.43831,2.6872975,8558,97.69,1.03
2017,podkarpackie,PL1801,miasto Rzeszów,PkRzeszRejta,CO,1g,0.378704386,0.08251,5.37217,4.01487125,8709,99.41,1
2017,podkarpackie,PL1802,strefa podkarpacka,PkNiskoSzkla,CO,1g,0.244054653,0.00089,3.6379,2.5648275,8628,98.49,1.02
2017,podlaskie,PL2001,Aglomeracja Białostocka,PdBialWaszyn,CO,1g,0.339021504,0.124,2.058,1.57625,8417,96.08,1.05
2017,podlaskie,PL2002,strefa podlaska,PdAugustoZdrMOB,CO,1g,0.35254551,0.128,2.817,1.1145,3307,37.75,0.51
2017,pomorskie,PL2201,Aglomeracja Trójmiejska,PmGdaLeczk08,CO,1g,0.405099347,0.1892,2.22309,1.705615,8428,96.21,1.02
2017,pomorskie,PL2201,Aglomeracja Trójmiejska,PmGdaOstrz05,CO,1g,0.370698821,0.1226,2.14669,1.386900625,7903,90.21,0.95
2017,pomorskie,PL2201,Aglomeracja Trójmiejska,PmGdaPoWie01,CO,1g,0.317588318,0.0966827,4.39087,2.11161125,8613,98.32,1.01
2017,pomorskie,PL2201,Aglomeracja Trójmiejska,PmGdaWyzwo03,CO,1g,0.373076075,0.126761,2.20509,1.79295625,8405,95.94,1.06
2017,pomorskie,PL2201,Aglomeracja Trójmiejska,PmGdyPoreb04,CO,1g,0.332525039,0.120255,2.82573,1.8619025,8475,96.74,1.04
2017,pomorskie,PL2201,Aglomeracja Trójmiejska,PmSopBitPl06,CO,1g,0.302560111,0.142469,1.68611,1.253810375,8628,98.49,1.01
2017,pomorskie,PL2202,strefa pomorska,PmKosTargo12,CO,1g,0.4763609,0.143139,5.53302,3.9792725,8610,98.28,1
2017,pomorskie,PL2202,strefa pomorska,PmLebMalcz16,CO,1g,0.427079814,0.0850142,5.57003,3.183455,8200,93.6,0.92
2017,pomorskie,PL2202,strefa pomorska,PmLinieKos17,CO,1g,0.359295124,0.13241,1.28558,0.971955375,8477,96.76,1.02
2017,pomorskie,PL2202,strefa pomorska,PmMalMicki15,CO,1g,0.370066293,0.00946299,1.92831,1.76423125,4976,56.8,2.05
2017,pomorskie,PL2202,strefa pomorska,PmSlupKniazi,CO,1g,0.284419906,0.0294452,2.37062,1.043200625,6168,70.41,1.86
2017,pomorskie,PL2202,strefa pomorska,PmStaGdaLubi,CO,1g,0.397003234,0.138283,3.044,2.575875,6707,76.56,1.57
2017,śląskie,PL2401,Aglomeracja Górnośląska,SlDabro1000L,CO,1g,0.505289423,0.07912,5.77483,4.81737125,8741,99.78,1
2017,śląskie,PL2401,Aglomeracja Górnośląska,SlKatoPlebA4,CO,1g,0.550377125,0.04522,4.78431,3.234705,8678,99.06,1.02
2017,śląskie,PL2401,Aglomeracja Górnośląska,SlZabSkloCur,CO,1g,0.556938823,0.06739,8.64001,7.770925,8678,99.06,1.01
2017,śląskie,PL2402,Aglomeracja Rybnicko-Jastrzębska,SlRybniBorki,CO,1g,0.514432936,0.037,9.073,7.406375,8641,98.64,0.99
2017,śląskie,PL2402,Aglomeracja Rybnicko-Jastrzębska,SlZorySikor2,CO,1g,0.500503222,0.0838,6.60087,5.51374,8749,99.87,1
2017,śląskie,PL2403,miasto Bielsko-Biała,SlBielKossak,CO,1g,0.498597252,0.07835,5.02355,3.99947,8744,99.81,1
2017,śląskie,PL2404,miasto Częstochowa,SlCzestoArmK,CO,1g,0.529203642,0.08272,7.39561,6.57061,8726,99.61,1
2017,śląskie,PL2404,miasto Częstochowa,SlCzestoBacz,CO,1g,0.398768887,0.1105,5.5926,4.8095575,8374,95.59,0.99
2017,śląskie,PL2405,strefa śląska,SlCiesMickie,CO,1g,0.459470307,0.09099,4.47914,3.5172,8694,99.24,1.01
2017,śląskie,PL2405,strefa śląska,SlWodzGalczy,CO,1g,0.539958912,0.06592,9.31602,7.34744,8708,99.4,1.01
2017,świętokrzyskie,PL2601,miasto Kielce,SkKielJagiel,CO,1g,0.402835804,0.023,5.328,4.436375,8703,99.34,1
2017,świętokrzyskie,PL2602,strefa świętokrzyska,SkPolaRuszcz,CO,1g,0.379240171,0,4.089,3.876125,8405,95.94,0.96
2017,warmińsko-mazurskie,PL2801,miasto Olsztyn,WmOlsPuszkin,CO,1g,0.332684048,0.0756127,2.53747,1.53188875,8544,97.53,1.03
2017,warmińsko-mazurskie,PL2802,miasto Elbląg,WmElbBazynsk,CO,1g,0.294969673,0.0765987,2.62779,1.76112,8720,99.54,1
2017,warmińsko-mazurskie,PL2803,strefa warmińsko-mazurska,WmGoldJacwie,CO,1g,0.348943571,0.0712884,2.62306,1.75625,8698,99.29,1
2017,warmińsko-mazurskie,PL2803,strefa warmińsko-mazurska,WmOstrPilsud,CO,1g,0.294104291,0.0916207,2.7651,1.4973845,8160,93.15,1
2017,wielkopolskie,PL3001,Aglomeracja Poznańska,WpPoznDabrow,CO,1g,0.347523013,0.06937,3.57206,2.83783375,8600,98.17,1.01
2017,wielkopolskie,PL3001,Aglomeracja Poznańska,WpPoznPolank,CO,1g,0.390176237,0.05781,3.19647,2.39039875,8647,98.71,1.01
2017,wielkopolskie,PL3002,miasto Kalisz,WpKaliSawick,CO,1g,0.295461,0.1052,2.56885,2.175415,8373,95.58,1.05
2017,wielkopolskie,PL3003,strefa wielkopolska,WpKoniWyszyn,CO,1g,0.299213969,-0.00842,1.7869,1.4324625,8402,95.91,0.97
2017,wielkopolskie,PL3003,strefa wielkopolska,WpPilaKusoci,CO,1g,0.336870049,0.00955,3.89059,3.04252875,8514,97.19,1.03
2017,zachodniopomorskie,PL3201,Aglomeracja Szczecińska,ZpSzczPils02,CO,1g,0.345193218,0.02969,2.80107,2.20385875,8741,99.78,1.01
2018,dolnośląskie,PL0201,Aglomeracja Wrocławska,DsWrocAlWisn,CO,1g,0.651686355,0.195476,2.88812,2.18923625,8590,98.05,1.02
2018,dolnośląskie,PL0201,Aglomeracja Wrocławska,DsWrocWybCon,CO,1g,0.395189657,0.109033,1.94374,1.457538125,8374,95.59,0.98
2018,dolnośląskie,PL0202,miasto Legnica,DsLegAlRzecz,CO,1g,0.455226822,0.109214,2.78531,2.3083175,8634,98.56,0.99
2018,dolnośląskie,PL0203,miasto Wałbrzych,DsWalbrzWyso,CO,1g,0.395595345,0.125419,2.92882,2.454595,8530,97.37,1.04
2018,dolnośląskie,PL0204,strefa dolnośląska,DsJelGorOgin,CO,1g,0.373864008,0.108595,3.36661,2.1511375,8666,98.92,1
2018,dolnośląskie,PL0204,strefa dolnośląska,DsLadekMOB,CO,1g,0.342170915,0.124692,2.23847,1.142867875,8257,94.25,1.12
2018,dolnośląskie,PL0204,strefa dolnośląska,DsLubanMOB,CO,1g,0.449543232,0.0917153,4.01685,3.43901375,7865,89.78,1.23
2018,dolnośląskie,PL0204,strefa dolnośląska,DsZgorBohGet,CO,1g,0.370397781,0.116587,2.17455,1.569018875,8666,98.92,1.01
2018,kujawsko-pomorskie,PL0401,Aglomeracja Bydgoska,KpBydPlPozna,CO,1g,0.503028745,0.051,4.743,3.423875,8732,99.68,1
2018,kujawsko-pomorskie,PL0401,Aglomeracja Bydgoska,KpBydWarszaw,CO,1g,0.446734822,0.067,3.327,2.423,8730,99.65,1
2018,kujawsko-pomorskie,PL0402,miasto Toruń,KpToruKaszow,CO,1g,0.354821396,0.101,2.882,2.077625,8656,98.81,1.03
2018,kujawsko-pomorskie,PL0402,miasto Toruń,KpToruStorczMOB,CO,1g,0.341105176,0.046,4.505,3.403625,7882,89.97,0.98
2018,kujawsko-pomorskie,PL0403,miasto Włocławek,KpWloclOkrze,CO,1g,0.51982157,0.168,4.35,3.4775,8727,99.62,1
2018,kujawsko-pomorskie,PL0404,strefa kujawsko - pomorska,KpGrudPilsud,CO,1g,0.595912797,0.047,6.507,5.287375,7408,84.56,0.89
2018,kujawsko-pomorskie,PL0404,strefa kujawsko - pomorska,KpZielBoryTu,CO,1g,0.299477295,0.069,0.945,0.87,8060,92,1.08
2018,lubelskie,PL0601,Aglomeracja Lubelska,LbLubObywate,CO,1g,0.356407981,0,5.126,4.110125,8470,96.68,1.06
2018,lubuskie,PL0801,miasto Gorzów Wielkopolski,LuGorzKosGdy,CO,1g,0.327604215,0.00914,1.92882,1.4324725,7991,91.22,0.85
2018,lubuskie,PL0802,miasto Zielona Góra,LuZielKrotka,CO,1g,0.320783368,0.0027,1.82315,1.316444286,8438,96.32,1.04
2018,lubuskie,PL0803,strefa lubuska,LuSulecDudka,CO,1g,0.445788881,0.17435,3.30837,2.37660625,8558,97.69,1.03
2018,lubuskie,PL0803,strefa lubuska,LuWsKaziWiel,CO,1g,0.418250356,0.02905,2.71213,2.29302375,8472,96.71,0.97
2018,lubuskie,PL0803,strefa lubuska,LuZarySzyman,CO,1g,0.35130732,0.00894,3.7528,2.61420625,8635,98.57,1
2018,łódzkie,PL1001,Aglomeracja Łódzka,LdLodzCzerni,CO,1g,0.403091245,0.169,2.167,1.295625,8669,98.96,1
2018,łódzkie,PL1001,Aglomeracja Łódzka,LdLodzGdansk,CO,1g,0.490944732,0.14,4.273,2.438125,8703,99.34,1.01
2018,łódzkie,PL1001,Aglomeracja Łódzka,LdLodzJanPaw,CO,1g,0.541132187,0.16,2.872,2.21,8488,96.89,0.96
2018,łódzkie,PL1001,Aglomeracja Łódzka,LdZgieMielcz,CO,1g,0.496604884,0.16,3.908,3.076125,8600,98.17,0.98
2018,łódzkie,PL1002,strefa łódzka,LdPioTrKraPr,CO,1g,0.536378761,0.182,4.789,2.984875,8541,97.5,0.98
2018,łódzkie,PL1002,strefa łódzka,LdRadomsRoln,CO,1g,0.547271367,0.156,4.634,3.696875,8586,98.01,0.98
2018,małopolskie,PL1201,Aglomeracja Krakowska,MpKrakAlKras,CO,1g,0.826122872,0.10112,4.49594,3.19830625,8583,97.97,1.02
2018,małopolskie,PL1201,Aglomeracja Krakowska,MpKrakBulwar,CO,1g,0.559190566,0.10739,3.58139,3.25038375,8469,96.67,1.01
2018,małopolskie,PL1202,miasto Tarnów,MpTarRoSitko,CO,1g,0.642224058,0.15275,4.41416,3.7615975,8686,99.15,1.01
2018,małopolskie,PL1203,strefa małopolska,MpTrzebOsZWM,CO,1g,0.330020597,0.09706,2.95041,2.10499125,8680,99.08,1.01
2018,małopolskie,PL1203,strefa małopolska,MpZakopaSien,CO,1g,0.521879943,0.10048,4.43966,3.2104075,8593,98.09,1.02
2018,mazowieckie,PL1401,Aglomeracja Warszawska,MzWarAlNiepo,CO,1g,0.593068882,0.169,3.675857668,2.200266119,8740,99.77,1.01
2018,mazowieckie,PL1402,miasto Płock,MzPlocKroJad,CO,1g,0.374543448,0.099,2.244,1.446875,8562,97.73,1
2018,mazowieckie,PL1402,miasto Płock,MzPlocMiReja,CO,1g,0.369821421,0.11,3.007605669,1.697597849,8668,98.94,1
2018,mazowieckie,PL1403,miasto Radom,MzRadTochter,CO,1g,0.424504587,0.133,5.410953912,4.342979999,8648,98.72,1.02
2018,mazowieckie,PL1404,strefa mazowiecka,MzBelsIGFPAN,CO,1g,0.271930386,0.105226501,1.246519897,1.132225044,8649,98.73,0.99
2018,mazowieckie,PL1404,strefa mazowiecka,MzKonJezMos,CO,1g,0.404291207,0.084,2.323,1.867,8337,95.17,1.07
2018,mazowieckie,PL1404,strefa mazowiecka,MzOtwoBrzozo,CO,1g,0.424647851,0.109054936,7.390626163,5.151607685,8577,97.91,1
2018,opolskie,PL1602,strefa opolska,OpKKozBSmial,CO,1g,0.34936645,0.06425,2.27094,2.041357143,8124,92.73,1.15
2018,podkarpackie,PL1801,miasto Rzeszów,PkRzeszRejta,CO,1g,0.364891212,0.09519,3.07128,2.12621125,8687,99.16,1.01
2018,podkarpackie,PL1802,strefa podkarpacka,PkNiskoSzkla,CO,1g,0.265023267,0.0191,2.70589,1.704555,8720,99.54,1
2018,podlaskie,PL2001,Aglomeracja Białostocka,PdBialWaszyn,CO,1g,0.388924333,0.146,3.337,2.443625,8577,97.91,1.03
2018,podlaskie,PL2002,strefa podlaska,PdAugustoZdrMOB,CO,1g,0.420767019,0.14,2.607,1.226625,3687,42.08,0.72
2018,pomorskie,PL2201,Aglomeracja Trójmiejska,PmGdaLeczk08,CO,1g,0.390401528,0.132587,2.35539,2.06882,8378,95.63,1.04
2018,pomorskie,PL2201,Aglomeracja Trójmiejska,PmGdaOstrz05,CO,1g,0.373382396,0.176097,2.01186,1.5761325,8451,96.47,0.97
2018,pomorskie,PL2201,Aglomeracja Trójmiejska,PmGdaPoWie01,CO,1g,0.338086112,0.10885,2.82747,2.41823875,8666,98.92,1.01
2018,pomorskie,PL2201,Aglomeracja Trójmiejska,PmGdaWyzwo03,CO,1g,0.369730155,0.1214,2.12111,1.8388125,8604,98.21,1.01
2018,pomorskie,PL2201,Aglomeracja Trójmiejska,PmGdyPoreb04,CO,1g,0.374105016,0.107149,2.76965,1.813106,8390,95.77,0.94
2018,pomorskie,PL2201,Aglomeracja Trójmiejska,PmSopBitPl06,CO,1g,0.346755962,0.116243,1.92731,1.64032125,8583,97.97,1
2018,pomorskie,PL2202,strefa pomorska,PmKosTargo12,CO,1g,0.530199711,0.116863,4.10035,3.00589625,8293,94.66,0.98
2018,pomorskie,PL2202,strefa pomorska,PmLebMalcz16,CO,1g,0.530906478,0.12847,4.2503,3.237695,8405,95.94,0.94
2018,pomorskie,PL2202,strefa pomorska,PmLinieKos17,CO,1g,0.378714013,0.167786,1.59325,1.03346275,8389,95.76,0.96
2018,pomorskie,PL2202,strefa pomorska,PmMalMicki15,CO,1g,0.564738322,0.0901068,2.99342,2.54230375,4230,48.28,0.46
2018,pomorskie,PL2202,strefa pomorska,PmSlupKniazi,CO,1g,0.46537972,0.149546,1.62184,1.029252375,1450,16.55,0
2018,śląskie,PL2401,Aglomeracja Górnośląska,SlDabro1000L,CO,1g,0.479347805,0.14466,3.29908,2.64648375,8739,99.76,1
2018,śląskie,PL2401,Aglomeracja Górnośląska,SlKatoPlebA4,CO,1g,0.48891825,0.13072,2.41587,2.01361125,8722,99.56,1.01
2018,śląskie,PL2401,Aglomeracja Górnośląska,SlZabSkloCur,CO,1g,0.481717795,0.14127,4.28478,3.6106475,8712,99.45,1
2018,śląskie,PL2402,Aglomeracja Rybnicko-Jastrzębska,SlRybniBorki,CO,1g,0.50254808,0.11589,4.77504,3.89415125,8662,98.88,0.99
2018,śląskie,PL2402,Aglomeracja Rybnicko-Jastrzębska,SlZorySikor2,CO,1g,0.456780926,0.10761,3.78059,2.6151475,8319,94.96,0.91
2018,śląskie,PL2403,miasto Bielsko-Biała,SlBielPartyz,CO,1g,0.504760635,0.14425,5.01902,4.300396667,8389,95.76,1.07
2018,śląskie,PL2404,miasto Częstochowa,SlCzestoArmK,CO,1g,0.499775671,0.11558,4.85024,4.31029875,8552,97.62,1
2018,śląskie,PL2404,miasto Częstochowa,SlCzestoBacz,CO,1g,0.392254042,0.14584,3.09234,2.83307375,8734,99.7,1.01
2018,śląskie,PL2405,strefa śląska,SlCiesMickie,CO,1g,0.427243814,0.12116,2.68906,1.8761,8715,99.48,1.01
2018,śląskie,PL2405,strefa śląska,SlWodzGalczy,CO,1g,0.497118274,0.11387,5.09882,3.1903275,8713,99.46,1
2018,świętokrzyskie,PL2601,miasto Kielce,SkKielJagiel,CO,1g,0.567177363,0.024,4.05,3.080875,3428,39.13,0.59
2018,świętokrzyskie,PL2601,miasto Kielce,SkKielTargow,CO,1g,0.338571237,0.057,1.463,0.99275,2239,25.55,6.77
2018,świętokrzyskie,PL2602,strefa świętokrzyska,SkKonsGranatMOB,CO,1g,0.425887174,0.003,2.984,1.961,8348,95.29,1.1
2018,świętokrzyskie,PL2602,strefa świętokrzyska,SkPolaRuszcz,CO,1g,0.660834633,0.055,2.746,2.2295,4984,56.89,0.16
2018,warmińsko-mazurskie,PL2801,miasto Olsztyn,WmOlsPuszkin,CO,1g,0.33931631,0.0535147,1.6982,1.29443875,8703,99.34,1
2018,warmińsko-mazurskie,PL2802,miasto Elbląg,WmElbBazynsk,CO,1g,0.322758956,0.0669481,3.22199,2.39680875,8678,99.06,1
2018,warmińsko-mazurskie,PL2803,strefa warmińsko-mazurska,WmGoldJacwie,CO,1g,0.350856972,0.0751777,2.91358,1.55506375,8544,97.53,0.96
2018,warmińsko-mazurskie,PL2803,strefa warmińsko-mazurska,WmOstrPilsud,CO,1g,0.361558709,0.092191,3.06763,2.33896625,8745,99.82,1.01
2018,wielkopolskie,PL3001,Aglomeracja Poznańska,WpPoznDabrow,CO,1g,0.451526747,0.03512,3.78298,2.77463625,8559,97.7,0.99
2018,wielkopolskie,PL3001,Aglomeracja Poznańska,WpPoznPolank,CO,1g,0.499298916,0.09282,3.31397,1.97061375,7980,91.09,0.85
2018,wielkopolskie,PL3002,miasto Kalisz,WpKaliSawick,CO,1g,0.368339529,0.12768,2.70623,1.73163375,8549,97.59,0.98
2018,wielkopolskie,PL3003,strefa wielkopolska,WpKoniWyszyn,CO,1g,0.24163912,0.01002,2.09068,1.491495,8462,96.59,1.03
2018,wielkopolskie,PL3003,strefa wielkopolska,WpKozieosLes,CO,1g,0.342573549,0.07262,2.13212,1.58954375,8467,96.65,0.96
2018,wielkopolskie,PL3003,strefa wielkopolska,WpPilaKusoci,CO,1g,0.40863438,0.1004,2.15458,1.43763,8652,98.76,1.01
2018,zachodniopomorskie,PL3201,Aglomeracja Szczecińska,ZpSzczPils02,CO,1g,0.356001166,0.00422,2.94224,1.8844725,8026,91.62,0.84
2019,dolnośląskie,PL0201,Aglomeracja Wrocławska,DsWrocAlWisn,CO,1g,0.592104099,0.17033,3.95967,2.18080375,8687,99.16,1.01
2019,dolnośląskie,PL0201,Aglomeracja Wrocławska,DsWrocWybCon,CO,1g,0.389186145,0.111296,2.56038,2.06685375,8253,94.21,0.92
2019,dolnośląskie,PL0202,miasto Legnica,DsLegAlRzecz,CO,1g,0.410338699,0.150226,3.96829,2.21162425,8678,99.06,1.01
2019,dolnośląskie,PL0203,miasto Wałbrzych,DsWalbrzWyso,CO,1g,0.381538489,0.11019,2.58983,2.25633375,8608,98.26,1.01
2019,dolnośląskie,PL0204,strefa dolnośląska,DsJelGorOgin,CO,1g,0.361809079,0.124684,2.67897,2.206504286,8639,98.61,1.02
2019,dolnośląskie,PL0204,strefa dolnośląska,DsLubanMieszMOB,CO,1g,0.407017308,0.123369,2.77285,2.282655,8586,98.01,0.98
2019,dolnośląskie,PL0204,strefa dolnośląska,DsZgorBohGet,CO,1g,0.360329937,0.118897,2.14574,1.57107375,8662,98.88,1
2019,kujawsko-pomorskie,PL0401,Aglomeracja Bydgoska,KpBydPlPozna,CO,1g,0.454925289,0.159,3.849,2.054666667,8312,94.88,1.09
2019,kujawsko-pomorskie,PL0401,Aglomeracja Bydgoska,KpBydWarszaw,CO,1g,0.430020518,0.039,3.628,1.568875,8578,97.92,0.99
2019,kujawsko-pomorskie,PL0402,miasto Toruń,KpToruKaszow,CO,1g,0.340588969,0.104,2.845,1.737875,8739,99.76,1.01
2019,kujawsko-pomorskie,PL0403,miasto Włocławek,KpWloclOkrze,CO,1g,0.44711937,0.159,3.162,2.3295,8704,99.36,1.02
2019,kujawsko-pomorskie,PL0404,strefa kujawsko - pomorska,KpGrudPilsud,CO,1g,0.454160723,0.047,4.004,3.11525,8692,99.22,1.01
2019,kujawsko-pomorskie,PL0404,strefa kujawsko - pomorska,KpWieniecZdrMOB,CO,1g,0.266979512,0.043,1.036,0.888875,8639,98.61,0.99
2019,kujawsko-pomorskie,PL0404,strefa kujawsko - pomorska,KpZielBoryTu,CO,1g,0.250128025,0.091,0.769,0.668375,7561,86.31,1.08
2019,lubelskie,PL0601,Aglomeracja Lubelska,LbLubObywate,CO,1g,0.326748637,0.0026,3.26,2.453375,8506,97.1,0.97
2019,lubuskie,PL0801,miasto Gorzów Wielkopolski,LuGorzKosGdy,CO,1g,0.348656506,0.08636,2.5011,1.88445375,8643,98.66,1
2019,lubuskie,PL0802,miasto Zielona Góra,LuZielKrotka,CO,1g,0.343602919,0.01482,1.95447,1.20758125,8633,98.55,1
2019,lubuskie,PL0803,strefa lubuska,LuSulecDudka,CO,1g,0.249012002,0.00366,2.39674,1.23671375,8628,98.49,1.01
2019,lubuskie,PL0803,strefa lubuska,LuWsKaziWiel,CO,1g,0.364310793,0.02118,2.68096,1.89625625,8159,93.13,0.97
2019,lubuskie,PL0803,strefa lubuska,LuZarySzyman,CO,1g,0.280814803,0.01084,2.81643,2.3021925,8444,96.39,0.99
2019,łódzkie,PL1001,Aglomeracja Łódzka,LdLodzCzerni,CO,1g,0.392479856,0.188,2.369,1.719,8613,98.32,1.04
2019,łódzkie,PL1001,Aglomeracja Łódzka,LdLodzGdansk,CO,1g,0.462911832,0.16,4.844,2.712375,8688,99.17,1.02
2019,łódzkie,PL1001,Aglomeracja Łódzka,LdLodzJanPaw,CO,1g,0.530353569,0.186,4.464,3.271,8714,99.47,1
2019,łódzkie,PL1001,Aglomeracja Łódzka,LdZgieMielcz,CO,1g,0.466190788,0.154,3.9,2.9385,8706,99.38,1.01
2019,łódzkie,PL1002,strefa łódzka,LdPioTrKraPr,CO,1g,0.493192638,0.183,5.128,3.598625,8612,98.31,1.01
2019,łódzkie,PL1002,strefa łódzka,LdRadomsRoln,CO,1g,0.511222484,0.188,4.535,3.68125,8595,98.11,1.01
2019,małopolskie,PL1201,Aglomeracja Krakowska,MpKrakAlKras,CO,1g,0.794346441,0.14171,6.21226,3.22127125,8667,98.93,1
2019,małopolskie,PL1201,Aglomeracja Krakowska,MpKrakBulwar,CO,1g,0.399749602,0.01839,6.41636,2.36053,8634,98.56,1.01
2019,małopolskie,PL1202,miasto Tarnów,MpTarRoSitko,CO,1g,0.587147776,0.12724,3.72734,2.7673775,8661,98.86,1.01
2019,małopolskie,PL1203,strefa małopolska,MpTrzebOsZWM,CO,1g,0.381922306,0.1,2.42067,1.47506125,8596,98.12,1.02
2019,małopolskie,PL1203,strefa małopolska,MpZakopaSien,CO,1g,0.431282972,0.1,5.4071,4.0022425,8541,97.5,1.02
2019,mazowieckie,PL1401,Aglomeracja Warszawska,MzWarAlNiepo,CO,1g,0.578115167,0.14717,3.451,2.171625,8721,99.55,1.01
2019,mazowieckie,PL1402,miasto Płock,MzPlocKroJad,CO,1g,0.372810356,0.153,2.104,1.008,7841,89.5,0.83
2019,mazowieckie,PL1402,miasto Płock,MzPlocMiReja,CO,1g,0.340234409,0.1407182,1.992292233,1.233908495,8701,99.32,1
2019,mazowieckie,PL1403,miasto Radom,MzRadTochter,CO,1g,0.398963669,0.144,4.597,3.72125,8646,98.69,1.02
2019,mazowieckie,PL1404,strefa mazowiecka,MzBelsIGFPAN,CO,1g,0.216834522,0.059,1.259,0.84225,8696,99.26,1.01
2019,mazowieckie,PL1404,strefa mazowiecka,MzKonJezMos,CO,1g,0.374709325,0.121,1.662672836,1.472926289,8527,97.34,1.03
2019,mazowieckie,PL1404,strefa mazowiecka,MzOtwoBrzozo,CO,1g,0.358740568,0.111,3.68689,2.469041325,8706,99.38,1.01
2019,opolskie,PL1602,strefa opolska,OpKKozBSmial,CO,1g,0.336505488,0.0712,2.60211,2.1012875,8465,96.63,1.05
2019,podkarpackie,PL1801,miasto Rzeszów,PkRzeszPilsu,CO,1g,0.449187895,0.07017,4.40827,3.82447,8718,99.52,1.01
2019,podkarpackie,PL1801,miasto Rzeszów,PkRzeszRejta,CO,1g,0.263157825,0.01455,4.31241,3.48162625,8748,99.86,1.01
2019,podkarpackie,PL1802,strefa podkarpacka,PkNiskoSzkla,CO,1g,0.288188339,0.04948,3.6301,2.6808725,8726,99.61,1.01
2019,podlaskie,PL2001,Aglomeracja Białostocka,PdBialWaszyn,CO,1g,0.333156232,0.164,2.132,1.73175,8705,99.37,1.01
2019,pomorskie,PL2201,Aglomeracja Trójmiejska,PmGdaLeczk08,CO,1g,0.322715224,0.14861,2.3567,1.5721525,8597,98.13,1.01
2019,pomorskie,PL2201,Aglomeracja Trójmiejska,PmGdaOstrz05,CO,1g,0.294004871,0.147656,1.22041,0.81013,8396,95.84,1.06
2019,pomorskie,PL2201,Aglomeracja Trójmiejska,PmGdaWyzwo03,CO,1g,0.342301102,0.125891,1.66887,1.42192875,8632,98.53,1
2019,pomorskie,PL2201,Aglomeracja Trójmiejska,PmGdyPoreb04,CO,1g,0.284386425,0.120929,1.32084,0.9845755,8637,98.59,1.03
2019,pomorskie,PL2201,Aglomeracja Trójmiejska,PmSopBitPl06,CO,1g,0.27804442,0.126894,1.09634,0.75008,8608,98.26,1
2019,pomorskie,PL2202,strefa pomorska,PmKosTargo12,CO,1g,0.581847187,0.091721,2.84884,2.10563375,8665,98.91,1
2019,pomorskie,PL2202,strefa pomorska,PmLebMalcz16,CO,1g,0.455197514,0.157114,3.48806,2.0995175,8488,96.89,1.04
2019,śląskie,PL2401,Aglomeracja Górnośląska,SlDabro1000L,CO,1g,0.406920938,0.09555,3.10242,2.0584125,8736,99.72,1
2019,śląskie,PL2401,Aglomeracja Górnośląska,SlKatoPlebA4,CO,1g,0.459564476,0.06646,2.61816,1.91246625,8710,99.42,1
2019,śląskie,PL2401,Aglomeracja Górnośląska,SlZabSkloCur,CO,1g,0.382507723,0.10192,3.91001,3.21393875,8721,99.55,1
2019,śląskie,PL2402,Aglomeracja Rybnicko-Jastrzębska,SlRybniBorki,CO,1g,0.470733367,0.09569,6.57558,4.2445125,8702,99.33,1.01
2019,śląskie,PL2402,Aglomeracja Rybnicko-Jastrzębska,SlZorySikor2,CO,1g,0.426730478,0.05837,3.12831,2.24177125,8604,98.21,1
2019,śląskie,PL2403,miasto Bielsko-Biała,SlBielPartyz,CO,1g,0.465130705,0.131,3.48271,2.7128125,8701,99.32,1.02
2019,śląskie,PL2404,miasto Częstochowa,SlCzestoArmK,CO,1g,0.53814623,0.12645,6.42394,4.0939875,8657,98.82,1.02
2019,śląskie,PL2404,miasto Częstochowa,SlCzestoBacz,CO,1g,0.393301449,0.09772,3.21568,2.3840575,8674,99.01,1.02
2019,śląskie,PL2405,strefa śląska,SlCiesMickie,CO,1g,0.398348015,0.13161,5.08758,3.04292875,8707,99.39,1.01
2019,śląskie,PL2405,strefa śląska,SlWodzGalczy,CO,1g,0.472503414,0.0851,4.63104,3.17318875,8661,98.86,1.01
2019,świętokrzyskie,PL2601,miasto Kielce,SkKielTargow,CO,1g,0.429097172,0.012,4.115,3.07125,7656,87.39,0.82
2019,świętokrzyskie,PL2602,strefa świętokrzyska,SkSkarZielnaMOB,CO,1g,0.453809189,0.06,3.792,2.291125,8249,94.16,1.11
2019,warmińsko-mazurskie,PL2801,miasto Olsztyn,WmOlsPuszkin,CO,1g,0.290916967,0.0658429,1.41423,1.071909571,8644,98.67,1.03
2019,warmińsko-mazurskie,PL2802,miasto Elbląg,WmElbBazynsk,CO,1g,0.318503738,0.100369,1.35205,0.932404875,8422,96.14,1.06
2019,warmińsko-mazurskie,PL2803,strefa warmińsko-mazurska,WmGoldJacwie,CO,1g,0.299939401,0.00201067,1.97153,1.317735,8510,97.14,0.95
2019,warmińsko-mazurskie,PL2803,strefa warmińsko-mazurska,WmOstrPilsud,CO,1g,0.301158917,0.023374,2.50139,1.4915445,8738,99.74,1.01
2019,wielkopolskie,PL3001,Aglomeracja Poznańska,WpPoznDabrow,CO,1g,0.372272524,0.11347,3.30508,2.8153075,7008,80,1.63
2019,wielkopolskie,PL3001,Aglomeracja Poznańska,WpPoznPolank,CO,1g,0.376762981,0.02716,2.56547,2.2252025,8569,97.81,1.03
2019,wielkopolskie,PL3002,miasto Kalisz,WpKaliSawick,CO,1g,0.338353751,0.10494,2.59135,1.33817125,6959,79.44,1.68
2019,wielkopolskie,PL3003,strefa wielkopolska,WpKoniWyszyn,CO,1g,0.245002916,0.01071,1.41448,1.087097143,8670,98.97,1.01
2019,wielkopolskie,PL3003,strefa wielkopolska,WpKozieosLes,CO,1g,0.275872755,0.01165,2.53907,1.89883375,8640,98.63,1.01
2019,wielkopolskie,PL3003,strefa wielkopolska,WpPilaKusoci,CO,1g,0.360220145,0.06281,2.16218,1.70628125,8578,97.92,0.98
2019,zachodniopomorskie,PL3202,miasto Koszalin,ZpKoszArKraj,CO,1g,0.252475966,0.02081,1.74494,1.20197125,8549,97.59,1.06
2020,dolnośląskie,PL0201,Aglomeracja Wrocławska,DsWrocAlWisn,CO,1g,0.586490388,0.168896,2.65046,1.88885875,8683,98.85,1.01
2020,dolnośląskie,PL0201,Aglomeracja Wrocławska,DsWrocWybCon,CO,1g,0.344327697,0.0938806,1.9704,1.48827625,8600,97.9,1.02
2020,dolnośląskie,PL0203,miasto Wałbrzych,DsWalbrzWyso,CO,1g,0.366778419,0.140747,2.64404,1.9829825,8370,95.28,0.94
2020,dolnośląskie,PL0205,strefa dolnośląska_2,DsJelGorOgin,CO,1g,0.388485213,0.171186,2.67161,2.103535,8693,98.96,1
2020,dolnośląskie,PL0205,strefa dolnośląska_2,DsLegAlRzecz,CO,1g,0.423769027,0.161076,3.43262,2.50706,8666,98.65,0.99
2020,dolnośląskie,PL0205,strefa dolnośląska_2,DsLubanMieszMOB,CO,1g,0.423429913,0.164128,2.8253,2.51360125,8700,99.04,0.99
2020,kujawsko-pomorskie,PL0401,Aglomeracja Bydgoska,KpBydPlPozna,CO,1g,0.407280724,0.104,3.562,1.930625,8674,98.74,0.98
2020,kujawsko-pomorskie,PL0401,Aglomeracja Bydgoska,KpBydWarszaw,CO,1g,0.412709042,0.159,3.02,1.686,8527,97.07,0.95
2020,kujawsko-pomorskie,PL0402,miasto Toruń,KpToruKaszow,CO,1g,0.291103065,0.086,2.101,1.316125,8548,97.31,0.97
2020,kujawsko-pomorskie,PL0403,miasto Włocławek,KpWloclOkrze,CO,1g,0.440496049,0.098,4.212,3.416625,8606,97.97,1.01
2020,kujawsko-pomorskie,PL0404,strefa kujawsko - pomorska,KpGrudPilsud,CO,1g,0.478247242,0.046,5.284,3.397125,7252,82.55,0.66
2020,kujawsko-pomorskie,PL0404,strefa kujawsko - pomorska,KpZielBoryTu,CO,1g,0.256384036,0.102,0.676,0.609125,8494,96.69,0.99
2020,lubelskie,PL0601,Aglomeracja Lubelska,LbLubObywate,CO,1g,0.350043418,0.001,2.799,1.9665,8614,98.06,0.99
2020,lubuskie,PL0801,miasto Gorzów Wielkopolski,LuGorzKosGdy,CO,1g,0.34845482,0.05317,2.79379,2.21565,8349,95.04,0.92
2020,lubuskie,PL0802,miasto Zielona Góra,LuZielKrotka,CO,1g,0.330929664,0.09634,1.31259,0.94326625,8271,94.15,0.92
2020,lubuskie,PL0803,strefa lubuska,LuSulecDudka,CO,1g,0.278619289,0.02113,2.24398,1.4781625,7878,89.68,0.87
2020,lubuskie,PL0803,strefa lubuska,LuWsKaziWiel,CO,1g,0.355092408,0.07368,4.26285,3.0707375,7815,88.96,0.8
2020,lubuskie,PL0803,strefa lubuska,LuZarySzyman,CO,1g,0.218596806,0.00043,2.54978,1.29556,8645,98.41,1.01
2020,łódzkie,PL1001,Aglomeracja Łódzka,LdLodzGdansk,CO,1g,0.470441713,0.195,3.33,1.972125,8712,99.18,0.98
2020,łódzkie,PL1001,Aglomeracja Łódzka,LdLodzJanPaw,CO,1g,0.483250966,0.2022,2.76,2.38975,8632,98.26,1
2020,łódzkie,PL1001,Aglomeracja Łódzka,LdZgieMielcz,CO,1g,0.454830576,0.176,3.098,2.5105,8523,97.02,1.05
2020,łódzkie,PL1002,strefa łódzka,LdPioTrKraPr,CO,1g,0.457943605,0.182,3.129,2.5355,8671,98.71,1.02
2020,łódzkie,PL1002,strefa łódzka,LdRadomsRoln,CO,1g,0.466948434,0.16,3.856,3.451625,8765,99.78,1
2020,małopolskie,PL1201,Aglomeracja Krakowska,MpKrakAlKras,CO,1g,0.707443046,0.15338,3.45907,2.64069875,8671,98.71,0.98
2020,małopolskie,PL1201,Aglomeracja Krakowska,MpKrakBulwar,CO,1g,0.370343768,0.10069,1.82558,1.7450175,8536,97.17,0.97
2020,małopolskie,PL1202,miasto Tarnów,MpTarRoSitko,CO,1g,0.551661849,0.17335,6.29634,4.39979375,8581,97.68,1.01
2020,małopolskie,PL1203,strefa małopolska,MpTrzebOsZWM,CO,1g,0.375188651,0.10536,3.0157,1.4932025,8694,98.97,1
2020,małopolskie,PL1203,strefa małopolska,MpZakopaSien,CO,1g,0.463014647,0.09819,3.7311,2.87177625,8550,97.33,1.03
2020,mazowieckie,PL1401,Aglomeracja Warszawska,MzWarAlNiepo,CO,1g,0.518470591,0.163064493,2.848547047,1.826873154,8751,99.62,1
2020,mazowieckie,PL1402,miasto Płock,MzPlocMiReja,CO,1g,0.338844393,0.15202,2.226,1.3515,8706,99.11,0.98
2020,mazowieckie,PL1403,miasto Radom,MzRadTochter,CO,1g,0.376281065,0.14284,4.14519703,2.636554286,8666,98.65,0.98
2020,mazowieckie,PL1404,strefa mazowiecka,MzBelsIGFPAN,CO,1g,0.281563671,0.11,0.946,0.729375,8701,99.05,0.99
2020,mazowieckie,PL1404,strefa mazowiecka,MzOtwoBrzozo,CO,1g,0.385110002,0.1355,3.874,2.789375,8608,97.99,1.03
2020,opolskie,PL1602,strefa opolska,OpKKozBSmial,CO,1g,0.336125238,0.0853,2.3394,1.91897125,8211,93.47,1.01
2020,podkarpackie,PL1801,miasto Rzeszów,PkRzeszPilsu,CO,1g,0.436909019,0.10386,2.85138,2.2195075,8766,99.79,1
2020,podkarpackie,PL1801,miasto Rzeszów,PkRzeszRejta,CO,1g,0.289683494,0.01096,2.75011,1.7768975,8743,99.53,1
2020,podkarpackie,PL1802,strefa podkarpacka,PkNiskoSzkla,CO,1g,0.310156562,0.03934,2.57504,1.7373325,8743,99.53,0.99
2020,podlaskie,PL2001,Aglomeracja Białostocka,PdBialWaszyn,CO,1g,0.327354743,0.113,2.197,1.7525,8127,92.52,0.88
2020,pomorskie,PL2201,Aglomeracja Trójmiejska,PmGdaLeczk08,CO,1g,0.330164021,0.144166,1.25682,1.10259125,8374,95.33,1.02
2020,pomorskie,PL2201,Aglomeracja Trójmiejska,PmGdaPoWie01,CO,1g,0.304238817,0.114498,1.97287,1.469760125,8656,98.54,1
2020,pomorskie,PL2201,Aglomeracja Trójmiejska,PmGdaWyzwo03,CO,1g,0.305721763,0.137999,1.55731,1.127075833,8478,96.51,1.02
2020,pomorskie,PL2201,Aglomeracja Trójmiejska,PmGdyPoreb04,CO,1g,0.292930043,0.146975,1.47618,0.9370265,8505,96.82,1.01
2020,pomorskie,PL2201,Aglomeracja Trójmiejska,PmSopBitPl06,CO,1g,0.281691461,0.136084,1.08591,0.891221875,8423,95.89,0.99
2020,pomorskie,PL2202,strefa pomorska,PmLebMalcz16,CO,1g,0.375593073,0.09829,2.64062,1.47952,7856,89.43,0.81
2020,pomorskie,PL2202,strefa pomorska,PmMalMicki15,CO,1g,0.276123455,0.0776588,2.20228,1.63094,8109,92.31,1.13
2020,śląskie,PL2401,Aglomeracja Górnośląska,SlDabro1000L,CO,1g,0.359224741,0.1,2.21726,1.62187625,8754,99.65,1
2020,śląskie,PL2401,Aglomeracja Górnośląska,SlKatoPlebA4,CO,1g,0.454294116,0.14021,2.38961,2.00838125,8686,98.88,0.98
2020,śląskie,PL2401,Aglomeracja Górnośląska,SlZabSkloCur,CO,1g,0.370493846,0.10994,5.20194,4.17284375,8733,99.41,1
2020,śląskie,PL2402,Aglomeracja Rybnicko-Jastrzębska,SlRybniBorki,CO,1g,0.463971553,0.10152,5.61699,4.8376525,8693,98.96,0.98
2020,śląskie,PL2402,Aglomeracja Rybnicko-Jastrzębska,SlZorySikor2,CO,1g,0.405545055,0.11404,3.2847,2.850645,8705,99.1,0.99
2020,śląskie,PL2403,miasto Bielsko-Biała,SlBielPartyz,CO,1g,0.466960952,0.1504,3.73436,3.01775625,8663,98.62,1
2020,śląskie,PL2404,miasto Częstochowa,SlCzestoArmK,CO,1g,0.479135893,0.11712,5.35614,4.60471875,8750,99.61,1.01
2020,śląskie,PL2404,miasto Częstochowa,SlCzestoBacz,CO,1g,0.3492363,0.12056,2.99941,2.66288125,8766,99.79,1
2020,śląskie,PL2405,strefa śląska,SlWodzGalczy,CO,1g,0.439438544,0.10567,3.28225,2.8431475,8762,99.74,1
2020,świętokrzyskie,PL2601,miasto Kielce,SkKielTargow,CO,1g,0.575279895,0.128,3.737,3.153625,8739,99.48,1
2020,świętokrzyskie,PL2602,strefa świętokrzyska,SkOstrOsSlonMOB,CO,1g,0.509270148,0.072,4.193,3.433625,8511,96.89,1.06
2020,warmińsko-mazurskie,PL2801,miasto Olsztyn,WmOlsPuszkin,CO,1g,0.345592677,0.0726439,3.10229,1.31994125,8775,99.89,1
2020,warmińsko-mazurskie,PL2802,miasto Elbląg,WmElbBazynsk,CO,1g,0.308761636,0.127082,1.40707,1.0712235,8525,97.05,0.95
2020,warmińsko-mazurskie,PL2803,strefa warmińsko-mazurska,WmGoldJacwie,CO,1g,0.325683022,0.0427966,3.41181,1.60053975,8715,99.21,0.99
2020,warmińsko-mazurskie,PL2803,strefa warmińsko-mazurska,WmOstrPilsud,CO,1g,0.296256497,0.121787,2.28492,1.390284375,8704,99.08,1.02
2020,wielkopolskie,PL3001,Aglomeracja Poznańska,WpPoznDabrow,CO,1g,0.403911911,0.05972,2.77398,2.19779625,7975,90.79,1.2
2020,wielkopolskie,PL3001,Aglomeracja Poznańska,WpPoznPolank,CO,1g,0.410563534,0.1784,2.11234,1.5113925,8689,98.91,1
2020,wielkopolskie,PL3002,miasto Kalisz,WpKaliSawick,CO,1g,0.295464401,0.02693,1.88537,1.38230625,8536,97.17,0.97
2020,wielkopolskie,PL3003,strefa wielkopolska,WpKoniWyszyn,CO,1g,0.248871246,0.06452,1.70921,1.34989875,8577,97.64,0.97
2020,wielkopolskie,PL3003,strefa wielkopolska,WpKozieosLes,CO,1g,0.250076534,0.01141,1.36265,0.83893125,8648,98.45,0.99
2020,wielkopolskie,PL3003,strefa wielkopolska,WpPilaKusoci,CO,1g,0.324027806,0.05874,3.54636,2.78173375,8661,98.59,0.98
2020,zachodniopomorskie,PL3201,Aglomeracja Szczecińska,ZpSzczPils02,CO,1g,0.266443107,0.06497,1.48595,0.819575,8594,97.83,1.04
2020,zachodniopomorskie,PL3203,strefa zachodniopomorska,ZpSzczecPrze,CO,1g,0.236394308,0.0364,1.84925,1.31942625,8547,97.3,1.06
2021,dolnośląskie,PL0201,Aglomeracja Wrocławska,DsWrocAlWisn,CO,1g,0.626776796,0.168462,2.95884,2.615947143,8395,95.83,0.98
2021,dolnośląskie,PL0201,Aglomeracja Wrocławska,DsWrocWybCon,CO,1g,0.39081142,0.156886,1.86937,1.77046,8605,98.23,1.02
2021,dolnośląskie,PL0202,miasto Legnica,DsLegAlRzecz,CO,1g,0.430477011,0.1968,2.45409,1.6810075,8695,99.25,1.01
2021,dolnośląskie,PL0203,miasto Wałbrzych,DsWalbrzWyso,CO,1g,0.402273188,0.140901,2.96089,2.475665,8637,98.59,1.01
2021,dolnośląskie,PL0204,strefa dolnośląska,DsJelGorOgin,CO,1g,0.413785159,0.165596,2.38995,1.9604075,8548,97.57,0.97
2021,kujawsko-pomorskie,PL0401,Aglomeracja Bydgoska,KpBydPlPozna,CO,1g,0.450235205,0.124,5.641,4.657375,8550,97.6,0.96
2021,kujawsko-pomorskie,PL0402,miasto Toruń,KpToruKaszow,CO,1g,0.314717298,0.117,3.657,2.009,8631,98.52,1
2021,kujawsko-pomorskie,PL0403,miasto Włocławek,KpWloclOkrze,CO,1g,0.470266461,0.148,4.008,3.195375,8733,99.69,1
2021,kujawsko-pomorskie,PL0404,strefa kujawsko - pomorska,KpGrudPilsud,CO,1g,0.515670982,0.047,4.982,3.709875,8729,99.64,1.01
2021,kujawsko-pomorskie,PL0404,strefa kujawsko - pomorska,KpZielBoryTu,CO,1g,0.269759903,0.12,1.022,0.925375,8255,94.23,0.92
2021,lubelskie,PL0601,Aglomeracja Lubelska,LbLubObywate,CO,1g,0.345430973,0.002,3.928,2.375625,8149,93.02,1.1
2021,lubuskie,PL0801,miasto Gorzów Wielkopolski,LuGorzKosGdy,CO,1g,0.357492713,0.03209,2.75782,2.02272625,8404,95.93,1.07
2021,lubuskie,PL0802,miasto Zielona Góra,LuZielKrotka,CO,1g,0.330895292,0.07642,1.47928,0.97643875,8542,97.51,1.02
2021,lubuskie,PL0803,strefa lubuska,LuSulecDudka,CO,1g,0.398440846,0.16168,2.89712,1.85857875,8570,97.83,0.99
2021,lubuskie,PL0803,strefa lubuska,LuWsKaziWiel,CO,1g,0.361147422,0.07197,3.04914,2.26423625,8633,98.55,1.01
2021,lubuskie,PL0803,strefa lubuska,LuZarySzyman,CO,1g,0.255503406,0.00161,2.94335,1.80755,8558,97.69,0.98
2021,łódzkie,PL1001,Aglomeracja Łódzka,LdLodzGdansk,CO,1g,0.487604343,0.202,3.38,2.18875,8750,99.88,1.01
2021,łódzkie,PL1001,Aglomeracja Łódzka,LdLodzJanPaw,CO,1g,0.523402752,0.209,2.695,2.01375,8720,99.54,1
2021,łódzkie,PL1001,Aglomeracja Łódzka,LdZgieMielcz,CO,1g,0.467512826,0.2,3.674,2.823375,8615,98.34,0.99
2021,łódzkie,PL1002,strefa łódzka,LdPioTrKraPr,CO,1g,0.485846216,0.189,3.15,2.40075,8616,98.35,1
2021,łódzkie,PL1002,strefa łódzka,LdRadomsRoln,CO,1g,0.494333412,0.198,4.184,2.862875,8476,96.75,1.05
2021,małopolskie,PL1201,Aglomeracja Krakowska,MpKrakAlKras,CO,1g,0.704046421,0.19909,3.72835,2.51459,8687,99.16,1
2021,małopolskie,PL1201,Aglomeracja Krakowska,MpKrakBulwar,CO,1g,0.334124779,0.07694,1.87953,1.66077625,8661,98.86,1.01
2021,małopolskie,PL1202,miasto Tarnów,MpTarRoSitko,CO,1g,0.599438349,0.26784,3.86458,3.2138075,8623,98.43,1
2021,małopolskie,PL1203,strefa małopolska,MpTrzebOsZWM,CO,1g,0.35156704,0.09228,2.27804,1.79771625,8668,98.94,1
2021,małopolskie,PL1203,strefa małopolska,MpZakopaSien,CO,1g,0.41133856,0.07141,3.11782,2.6509175,8554,97.64,0.98
2021,mazowieckie,PL1401,Aglomeracja Warszawska,MzWarAlNiepo,CO,1g,0.589089855,0.186,2.827,1.925600996,8702,99.33,1.02
2021,mazowieckie,PL1402,miasto Płock,MzPlocMiReja,CO,1g,0.378848198,0.149,2.489629239,1.941175544,8729,99.64,1.01
2021,mazowieckie,PL1403,miasto Radom,MzRadTochter,CO,1g,0.405829312,0.164,4.620831784,3.00055407,8056,91.96,1.17
2021,mazowieckie,PL1404,strefa mazowiecka,MzBelsIGFPAN,CO,1g,0.316084722,0.16,1.341,1.174875,8507,97.11,1.04
2021,mazowieckie,PL1404,strefa mazowiecka,MzOtwoBrzozo,CO,1g,0.424572927,0.148139891,4.476163913,3.712048044,8557,97.68,0.97
2021,opolskie,PL1602,strefa opolska,OpKKozBSmial,CO,1g,0.351999165,0.084,2.11848,1.680095,8459,96.56,0.99
2021,podkarpackie,PL1801,miasto Rzeszów,PkRzeszPilsu,CO,1g,0.449996629,0.06552,4.18078,3.16239875,8734,99.7,1.01
2021,podkarpackie,PL1801,miasto Rzeszów,PkRzeszRejta,CO,1g,0.29555961,0.04073,3.37218,2.677145,8630,98.51,1.01
2021,podkarpackie,PL1802,strefa podkarpacka,PkNiskoSzkla,CO,1g,0.29227358,0.02935,3.04796,2.57139125,8712,99.45,1
2021,podlaskie,PL2001,Aglomeracja Białostocka,PdBialWaszyn,CO,1g,0.353063353,0.14,3.165,1.967125,8350,95.31,1.06
2021,podlaskie,PL2002,strefa podlaska,PdAugustowUz,CO,1g,0.275835819,0.098,2.913,2.1685,8716,99.49,1
2021,pomorskie,PL2201,Aglomeracja Trójmiejska,PmGdaLeczkow,CO,1g,0.316223578,0.114987,1.85644,1.484642125,8570,97.83,0.99
2021,pomorskie,PL2201,Aglomeracja Trójmiejska,PmGdaPowWars,CO,1g,0.355211395,0.150091,2.83859,2.077104286,8600,98.17,1
2021,pomorskie,PL2201,Aglomeracja Trójmiejska,PmGdaWyzwole,CO,1g,0.34022617,0.155656,1.77797,1.14053875,8555,97.65,1.02
2021,pomorskie,PL2201,Aglomeracja Trójmiejska,PmGdyPorebsk,CO,1g,0.317750549,0.140185,1.86808,1.301655714,8614,98.33,1.01
2021,pomorskie,PL2201,Aglomeracja Trójmiejska,PmSopBiPlowc,CO,1g,0.346273989,0.16492,1.37099,1.11443,8074,92.16,1.01
2021,pomorskie,PL2202,strefa pomorska,PmLebMalczew,CO,1g,0.416252063,0.118689,3.13242,1.99456625,8364,95.47,0.97
2021,pomorskie,PL2202,strefa pomorska,PmMalMickiew,CO,1g,0.354426007,0.155982,2.03096,1.2095225,8462,96.59,0.94
2021,śląskie,PL2401,Aglomeracja Górnośląska,SlDabroTysia,CO,1g,0.397780501,0.08724,2.18385,1.8443775,8546,97.55,1
2021,śląskie,PL2401,Aglomeracja Górnośląska,SlKatoPlebA4,CO,1g,0.487005314,0.16501,2.10377,1.70402,8721,99.55,1.01
2021,śląskie,PL2401,Aglomeracja Górnośląska,SlZabSkloCur,CO,1g,0.39261512,0.1392,3.22707,2.914225,8588,98.03,0.99
2021,śląskie,PL2402,Aglomeracja Rybnicko-Jastrzębska,SlRybniBorki,CO,1g,0.469256495,0.15417,4.53765,3.398265,8731,99.66,1.01
2021,śląskie,PL2402,Aglomeracja Rybnicko-Jastrzębska,SlZorySikor2,CO,1g,0.467915688,0.15624,2.83062,2.68052375,8746,99.84,1
2021,śląskie,PL2403,miasto Bielsko-Biała,SlBielPartyz,CO,1g,0.472206144,0.16252,2.61888,2.07277625,8393,95.81,1
2021,śląskie,PL2404,miasto Częstochowa,SlCzestoArmK,CO,1g,0.535754732,0.18628,4.89939,2.7952875,8720,99.54,1
2021,śląskie,PL2404,miasto Częstochowa,SlCzestoBacz,CO,1g,0.42192366,0.13306,3.28731,2.64616875,8718,99.52,1.01
2021,śląskie,PL2405,strefa śląska,SlWodzGalczy,CO,1g,0.463871898,0.12364,4.08199,3.34004625,8639,98.61,1.03
2021,świętokrzyskie,PL2601,miasto Kielce,SkKielWarsz1,CO,1g,0.535671463,0.033,4.1493,2.5725125,7832,89.4,1.13
2021,świętokrzyskie,PL2602,strefa świętokrzyska,SkSandZielnaMOB,CO,1g,0.313545511,0.0832,1.6298,1.28635,8614,98.33,1.01
2021,warmińsko-mazurskie,PL2801,miasto Olsztyn,WmOlsPuszkin,CO,1g,0.344588077,0.0908462,1.73493,1.007564,8667,98.93,1.01
2021,warmińsko-mazurskie,PL2802,miasto Elbląg,WmElbBazynsk,CO,1g,0.349599718,0.130392,1.8234,1.413688125,8671,98.98,0.99
2021,warmińsko-mazurskie,PL2803,strefa warmińsko-mazurska,WmGoldJacwie,CO,1g,0.377689942,0.068633,2.11971,1.433491375,8521,97.27,0.96
2021,warmińsko-mazurskie,PL2803,strefa warmińsko-mazurska,WmOstrPilsud,CO,1g,0.333414698,0.123169,1.86108,1.43159625,8741,99.78,1
2021,wielkopolskie,PL3001,Aglomeracja Poznańska,WpPoznDabrow,CO,1g,0.306115169,-0.10786,4.57762,3.324401429,8635,98.57,1
2021,wielkopolskie,PL3001,Aglomeracja Poznańska,WpPoznPolank,CO,1g,0.39523527,0.17467,2.67884,2.1164675,8655,98.8,1.01
2021,wielkopolskie,PL3002,miasto Kalisz,WpKaliSawick,CO,1g,0.308461576,0.01256,2.76999,1.89512875,8649,98.73,1
2021,wielkopolskie,PL3003,strefa wielkopolska,WpKoniWyszyn,CO,1g,0.263692772,0.02835,1.74457,1.45473,8645,98.68,1.01
2021,wielkopolskie,PL3003,strefa wielkopolska,WpKozieosLes,CO,1g,0.278347341,0.0134,1.64099,1.29578375,8622,98.42,1
2021,wielkopolskie,PL3003,strefa wielkopolska,WpPilaKusoci,CO,1g,0.374717214,0.08615,2.72788,2.177344286,8204,93.65,1.05
2021,zachodniopomorskie,PL3201,Aglomeracja Szczecińska,ZpSzczPilsud,CO,1g,0.289763578,0.00126,2.11467,1.23159375,8744,99.81,1.01
2021,zachodniopomorskie,PL3202,miasto Koszalin,ZpKoszArKraj,CO,1g,0.163399399,0.00019,1.91773,1.33154125,8382,95.68,1.1
2021,zachodniopomorskie,PL3203,strefa zachodniopomorska,ZpSzczecPrze,CO,1g,0.268509748,0.02389,1.96102,1.35319375,8719,99.53,1.02
